"wz11cd","lsoa11cd","msoa11cd","date","Length of Residence in UK: All categories: Length of residence in the UK; measures: Value","Length of Residence in UK: Born in the UK; measures: Value","Length of Residence in UK: Resident in UK: Less than 2 years; measures: Value","Length of Residence in UK: Resident in UK: 2 years or more but less than 5 years; measures: Value","Length of Residence in UK: Resident in UK: 5 years or more but less than 10 years; measures: Value","Length of Residence in UK: Resident in UK: 10 years or more; measures: Value"
"E33018102","E01008884","E02001904",2011,735,619,7,16,19,74
"E33018103","E01008884","E02001904",2011,324,299,4,3,4,14
"E33018104","E01008884","E02001904",2011,704,577,10,33,21,63
"E33018105","E01008884","E02001904",2011,413,327,4,6,15,61
"E33018106","E01008889","E02001904",2011,498,366,6,16,25,85
"E33018107","E01008889","E02001904",2011,228,153,10,24,10,31
"E33018108","E01008887","E02001904",2011,522,443,5,13,22,39
"E33018109","E01008889","E02001904",2011,179,162,1,1,4,11
"E33018110","E01008889","E02001904",2011,490,432,3,6,18,31
"E33018111","E01008889","E02001904",2011,473,414,4,12,12,31
"E33018112","E01008889","E02001904",2011,623,488,13,11,24,87
"E33018113","E01008910","E02001876",2011,481,420,3,3,15,40
"E33018114","E01008910","E02001876",2011,2456,1897,9,27,87,436
"E33018115","E01033638","E02001875",2011,821,646,7,16,31,121
"E33018116","E01008913","E02001876",2011,363,261,4,7,36,55
"E33018117","E01008899","E02001863",2011,383,260,10,26,31,56
"E33018118","E01008899","E02001863",2011,256,182,10,7,17,40
"E33018119","E01008899","E02001863",2011,452,393,1,11,15,32
"E33018120","E01008899","E02001863",2011,465,413,3,9,12,28
"E33018121","E01008901","E02001863",2011,659,579,11,16,13,40
"E33018122","E01008901","E02001863",2011,667,549,1,10,38,69
"E33018123","E01008901","E02001863",2011,314,231,2,6,13,62
"E33018124","E01008901","E02001863",2011,509,450,1,6,19,33
"E33018125","E01008901","E02001863",2011,471,423,3,8,4,33
"E33018126","E01008917","E02001928",2011,261,164,16,31,21,29
"E33018127","E01008961","E02001942",2011,356,319,1,11,8,17
"E33018128","E01008961","E02001942",2011,371,324,4,8,8,27
"E33018129","E01008950","E02001939",2011,771,740,0,1,6,24
"E33018130","E01008991","E02001890",2011,794,657,7,18,32,80
"E33018131","E01008994","E02001900",2011,935,832,7,9,19,68
"E33018132","E01008994","E02001900",2011,333,286,2,13,15,17
"E33018133","E01008994","E02001900",2011,739,646,3,6,16,68
"E33018134","E01008994","E02001900",2011,206,140,2,14,29,21
"E33018135","E01008994","E02001900",2011,308,271,6,0,5,26
"E33018136","E01008990","E02001890",2011,741,667,7,11,23,33
"E33018137","E01008990","E02001890",2011,251,212,5,5,12,17
"E33018138","E01008990","E02001890",2011,415,386,0,2,9,18
"E33018139","E01008990","E02001890",2011,1722,1462,16,37,72,135
"E33018140","E01008990","E02001890",2011,564,481,16,17,15,35
"E33018141","E01008988","E02001890",2011,392,338,6,2,20,26
"E33018142","E01033631","E02001905",2011,7744,6113,186,302,366,777
"E33018143","E01033631","E02001905",2011,210,177,0,8,5,20
"E33018144","E01033631","E02001905",2011,373,340,0,5,7,21
"E33018145","E01009007","E02001849",2011,233,200,2,4,5,22
"E33018146","E01009007","E02001849",2011,282,205,9,15,28,25
"E33018147","E01009007","E02001849",2011,384,327,1,3,14,39
"E33018148","E01009007","E02001849",2011,487,417,0,5,8,57
"E33018149","E01009007","E02001849",2011,507,456,2,0,5,44
"E33018150","E01009007","E02001849",2011,271,248,0,2,5,16
"E33018151","E01009007","E02001849",2011,398,223,42,52,56,25
"E33018152","E01009007","E02001849",2011,407,379,2,2,4,20
"E33018153","E01009014","E02001916",2011,1018,911,2,10,23,72
"E33018154","E01009026","E02001916",2011,370,285,0,5,15,65
"E33018155","E01033641","E02006901",2011,345,286,3,6,8,42
"E33018156","E01009015","E02001915",2011,315,261,3,10,12,29
"E33018157","E01009045","E02001923",2011,410,324,6,5,18,57
"E33018158","E01009069","E02001901",2011,491,411,6,17,17,40
"E33018159","E01009069","E02001901",2011,261,229,7,7,7,11
"E33018160","E01009098","E02001851",2011,842,750,6,14,23,49
"E33018161","E01009102","E02001854",2011,1571,1361,8,48,52,102
"E33018162","E01009102","E02001854",2011,1166,1007,11,31,49,68
"E33018163","E01009102","E02001854",2011,388,336,4,15,9,24
"E33018164","E01009102","E02001854",2011,584,494,7,8,12,63
"E33018165","E01009102","E02001854",2011,313,289,2,5,7,10
"E33018166","E01009102","E02001854",2011,304,276,2,5,8,13
"E33018167","E01009102","E02001854",2011,1483,1331,10,22,39,81
"E33018168","E01009102","E02001854",2011,1028,894,10,24,44,56
"E33018169","E01009101","E02001855",2011,711,648,2,8,15,38
"E33018170","E01009101","E02001855",2011,2810,2611,4,10,30,155
"E33018171","E01009101","E02001855",2011,526,461,4,14,17,30
"E33018172","E01009119","E02001949",2011,249,229,0,1,5,14
"E33018173","E01009119","E02001949",2011,274,242,2,7,12,11
"E33018174","E01009119","E02001949",2011,668,578,5,16,29,40
"E33018175","E01009119","E02001949",2011,386,364,0,3,6,13
"E33018176","E01009119","E02001949",2011,745,682,4,11,16,32
"E33018177","E01009116","E02001953",2011,965,881,2,6,18,58
"E33018178","E01033627","E02006898",2011,3549,3062,73,101,114,199
"E33018179","E01033627","E02006898",2011,377,266,9,13,19,70
"E33018180","E01033622","E02006899",2011,1633,1361,33,60,67,112
"E33018181","E01033627","E02006898",2011,373,308,12,12,20,21
"E33018182","E01033627","E02006898",2011,1013,797,54,45,44,73
"E33018183","E01033627","E02006898",2011,1158,1025,14,13,34,72
"E33018184","E01009146","E02006897",2011,249,177,12,17,24,19
"E33018185","E01009146","E02006897",2011,364,278,10,25,26,25
"E33018186","E01009146","E02006897",2011,389,274,25,31,36,23
"E33018187","E01009146","E02006897",2011,2428,2177,16,25,63,147
"E33018188","E01033639","E02006897",2011,367,302,6,4,18,37
"E33018189","E01033639","E02006897",2011,377,250,21,32,36,38
"E33018190","E01033639","E02006897",2011,749,653,4,12,30,50
"E33018191","E01033639","E02006897",2011,539,388,23,39,44,45
"E33018192","E01033639","E02006897",2011,424,382,0,5,9,28
"E33018193","E01033639","E02006897",2011,588,527,11,7,17,26
"E33018194","E01033623","E02006899",2011,675,543,9,11,35,77
"E33018195","E01009159","E02001956",2011,1194,976,25,48,49,96
"E33018196","E01009159","E02001956",2011,709,684,5,5,1,14
"E33018197","E01009184","E02001918",2011,1210,965,8,19,51,167
"E33018198","E01009188","E02001918",2011,458,409,4,1,6,38
"E33018199","E01009178","E02001930",2011,539,392,4,11,17,115
"E33018200","E01009178","E02001930",2011,496,417,5,14,19,41
"E33018201","E01009178","E02001930",2011,386,346,1,6,12,21
"E33018202","E01009203","E02001869",2011,806,722,6,7,23,48
"E33018203","E01009199","E02001878",2011,850,665,9,30,46,100
"E33018204","E01009204","E02001878",2011,302,258,7,6,11,20
"E33018205","E01009204","E02001878",2011,312,281,0,6,9,16
"E33018206","E01009204","E02001878",2011,370,308,6,14,7,35
"E33018207","E01009204","E02001878",2011,255,221,3,3,7,21
"E33018208","E01033644","E02001878",2011,208,140,4,18,14,32
"E33018209","E01033644","E02001878",2011,257,193,3,5,9,47
"E33018210","E01033644","E02001878",2011,932,794,13,18,27,80
"E33018211","E01009194","E02001877",2011,327,255,1,7,15,49
"E33018212","E01009198","E02001884",2011,277,198,10,15,17,37
"E33018213","E01009198","E02001884",2011,293,200,6,13,29,45
"E33018214","E01009198","E02001884",2011,267,202,3,7,16,39
"E33018215","E01009198","E02001884",2011,327,219,4,8,21,75
"E33018216","E01009200","E02006900",2011,197,174,1,3,8,11
"E33018217","E01009200","E02006900",2011,248,187,8,8,9,36
"E33018218","E01009200","E02006900",2011,422,336,17,26,15,28
"E33018219","E01009200","E02006900",2011,745,482,8,33,58,164
"E33018220","E01009200","E02006900",2011,284,221,4,8,19,32
"E33018221","E01009200","E02006900",2011,301,248,1,6,13,33
"E33018222","E01009200","E02006900",2011,278,231,1,4,8,34
"E33018223","E01009200","E02006900",2011,965,833,9,20,36,67
"E33018224","E01009202","E02001869",2011,222,175,0,7,11,29
"E33018225","E01009202","E02001869",2011,1138,902,25,49,69,93
"E33018226","E01009202","E02001869",2011,226,208,1,5,4,8
"E33018227","E01009202","E02001869",2011,530,453,4,13,18,42
"E33018228","E01009203","E02001869",2011,275,239,0,9,6,21
"E33018229","E01009203","E02001869",2011,279,236,3,5,6,29
"E33018230","E01009203","E02001869",2011,380,293,3,12,24,48
"E33018231","E01009203","E02001869",2011,300,273,3,4,4,16
"E33018232","E01009203","E02001869",2011,242,210,3,6,11,12
"E33018233","E01009203","E02001869",2011,312,273,1,1,8,29
"E33018234","E01009203","E02001869",2011,252,214,1,5,9,23
"E33018235","E01009203","E02001869",2011,470,422,4,6,10,28
"E33018236","E01009201","E02001869",2011,258,206,3,7,18,24
"E33018237","E01009201","E02001869",2011,417,353,1,5,12,46
"E33018238","E01009201","E02001869",2011,564,397,13,17,42,95
"E33018239","E01009219","E02001946",2011,933,825,0,20,23,65
"E33018240","E01009232","E02001848",2011,452,390,13,15,12,22
"E33018241","E01009222","E02001834",2011,207,191,1,6,7,2
"E33018242","E01009222","E02001834",2011,668,590,2,15,18,43
"E33018243","E01009223","E02001839",2011,930,863,8,7,9,43
"E33018244","E01009239","E02001859",2011,339,290,2,5,13,29
"E33018245","E01009239","E02001859",2011,1179,944,11,39,75,110
"E33018246","E01009239","E02001859",2011,715,628,1,7,19,60
"E33018247","E01009239","E02001859",2011,516,414,1,5,19,77
"E33018248","E01009239","E02001859",2011,864,557,31,117,85,74
"E33018249","E01009240","E02001850",2011,316,240,8,23,18,27
"E33018250","E01009242","E02001850",2011,1210,981,11,31,35,152
"E33018251","E01009284","E02001922",2011,1423,1117,5,30,86,185
"E33018252","E01009280","E02001926",2011,687,610,8,3,11,55
"E33018253","E01009281","E02001925",2011,230,204,2,1,5,18
"E33018254","E01009281","E02001925",2011,306,279,1,3,6,17
"E33018255","E01009303","E02001883",2011,633,548,2,9,12,62
"E33018256","E01009306","E02001872",2011,218,190,0,6,12,10
"E33018257","E01009315","E02001907",2011,810,755,8,5,3,39
"E33018258","E01009315","E02001907",2011,560,491,4,4,15,46
"E33018259","E01009320","E02001907",2011,252,212,0,8,7,25
"E33018260","E01009320","E02001907",2011,375,333,2,6,8,26
"E33018261","E01009320","E02001907",2011,247,202,2,5,11,27
"E33018262","E01009320","E02001907",2011,694,618,4,3,14,55
"E33018263","E01009321","E02001895",2011,739,679,0,6,9,45
"E33018264","E01009322","E02001895",2011,994,775,11,24,50,134
"E33018265","E01009322","E02001895",2011,787,724,8,16,12,27
"E33018266","E01009322","E02001895",2011,350,310,2,14,4,20
"E33018267","E01009332","E02006900",2011,308,219,1,5,23,60
"E33018268","E01009329","E02001896",2011,222,74,8,13,24,103
"E33018269","E01009329","E02001896",2011,385,153,14,32,53,133
"E33018270","E01009339","E02006901",2011,390,290,7,11,23,59
"E33018271","E01009338","E02001896",2011,1471,1298,18,11,43,101
"E33018272","E01009340","E02006901",2011,741,572,18,33,40,78
"E33018273","E01009339","E02006901",2011,207,95,11,25,21,55
"E33018274","E01009339","E02006901",2011,1079,934,6,19,18,102
"E33018275","E01009341","E02001892",2011,4359,3318,46,59,334,602
"E33018276","E01009332","E02006900",2011,793,503,14,40,68,168
"E33018277","E01009332","E02006900",2011,443,219,22,39,50,113
"E33018278","E01009349","E02001862",2011,360,275,7,6,29,43
"E33018279","E01033635","E02001865",2011,276,196,2,14,14,50
"E33018280","E01033635","E02001865",2011,535,272,9,31,71,152
"E33018281","E01009354","E02001862",2011,228,149,4,6,21,48
"E33018282","E01009379","E02001897",2011,573,315,14,33,106,105
"E33018283","E01009364","E02001897",2011,448,330,1,12,27,78
"E33018284","E01009364","E02001897",2011,367,294,2,9,12,50
"E33018285","E01009364","E02001897",2011,372,279,0,14,17,62
"E33018286","E01009378","E02006896",2011,517,367,10,16,25,99
"E33018287","E01009367","E02001909",2011,195,135,2,4,12,42
"E33018288","E01009367","E02001909",2011,234,140,8,12,10,64
"E33018289","E01009367","E02001909",2011,392,294,2,9,14,73
"E33018290","E01009371","E02001903",2011,274,103,7,20,43,101
"E33018291","E01033641","E02006901",2011,423,319,5,6,19,74
"E33018292","E01009400","E02001857",2011,768,624,18,37,49,40
"E33018293","E01009400","E02001857",2011,491,455,0,8,8,20
"E33018294","E01009400","E02001857",2011,551,459,4,15,28,45
"E33018295","E01009423","E02001828",2011,759,711,1,2,4,41
"E33018296","E01009424","E02001830",2011,360,342,1,2,3,12
"E33018297","E01009424","E02001830",2011,598,585,0,0,0,13
"E33018298","E01009432","E02001832",2011,696,663,2,6,1,24
"E33018299","E01009449","E02001835",2011,343,314,0,1,12,16
"E33018300","E01009450","E02001838",2011,553,487,5,8,9,44
"E33018301","E01009443","E02001847",2011,981,911,0,6,19,45
"E33018302","E01009443","E02001847",2011,727,685,1,0,8,33
"E33018303","E01009441","E02001847",2011,445,390,5,23,19,8
"E33018304","E01009441","E02001847",2011,1078,864,29,46,63,76
"E33018305","E01009449","E02001835",2011,248,226,1,4,2,15
"E33018306","E01009449","E02001835",2011,319,258,16,25,8,12
"E33018307","E01009449","E02001835",2011,336,314,3,5,2,12
"E33018308","E01009449","E02001835",2011,744,686,3,7,17,31
"E33018309","E01009449","E02001835",2011,600,558,4,6,11,21
"E33018310","E01009449","E02001835",2011,559,516,4,5,11,23
"E33018311","E01009474","E02001836",2011,610,543,10,7,8,42
"E33018312","E01009456","E02001844",2011,315,284,1,1,2,27
"E33018313","E01009478","E02001874",2011,821,595,38,50,57,81
"E33018314","E01009483","E02001877",2011,520,371,12,46,33,58
"E33019808","E01009378","E02006896",2011,405,330,7,9,11,48
"E33019809","E01033559","E02001875",2011,266,210,8,14,17,17
"E33019810","E01033559","E02001875",2011,307,283,1,0,1,22
"E33019811","E01033559","E02001875",2011,294,244,4,10,12,24
"E33019812","E01033559","E02001875",2011,396,357,0,8,11,20
"E33019813","E01033559","E02001875",2011,225,182,4,3,5,31
"E33019814","E01033559","E02001875",2011,238,200,0,1,11,26
"E33019815","E01033559","E02001875",2011,208,173,2,1,7,25
"E33019816","E01033559","E02001875",2011,224,189,1,1,7,26
"E33019817","E01033559","E02001875",2011,307,220,2,8,23,54
"E33019818","E01033559","E02001875",2011,446,399,6,6,7,28
"E33019819","E01033561","E02001876",2011,239,172,6,7,14,40
"E33019820","E01033561","E02001876",2011,595,516,6,12,10,51
"E33019821","E01033561","E02001876",2011,236,189,4,4,12,27
"E33019822","E01033561","E02001876",2011,411,320,3,12,27,49
"E33019823","E01033561","E02001876",2011,1444,1247,37,45,49,66
"E33019824","E01033561","E02001876",2011,865,765,18,12,20,50
"E33019825","E01033562","E02001913",2011,237,189,1,5,12,30
"E33019826","E01033562","E02001913",2011,459,359,4,10,35,51
"E33019827","E01033562","E02001913",2011,1615,1191,11,35,164,214
"E33019828","E01033562","E02001913",2011,1687,1397,13,23,73,181
"E33019829","E01033562","E02001913",2011,4392,3399,39,83,301,570
"E33019830","E01033616","E02006896",2011,317,215,16,19,13,54
"E33019831","E01033615","E02006896",2011,292,239,6,7,20,20
"E33019832","E01033615","E02006896",2011,309,254,7,11,21,16
"E33019833","E01033615","E02006896",2011,1386,1155,26,59,58,88
"E33019834","E01033615","E02006896",2011,828,547,25,63,65,128
"E33019835","E01033615","E02006896",2011,1266,1138,20,21,25,62
"E33019836","E01033615","E02006896",2011,397,356,2,4,9,26
"E33019837","E01033615","E02006896",2011,287,197,6,14,19,51
"E33019838","E01033615","E02006896",2011,319,180,17,22,42,58
"E33019839","E01033615","E02006896",2011,2020,1701,70,66,82,101
"E33019840","E01033615","E02006896",2011,261,162,12,31,25,31
"E33019841","E01033615","E02006896",2011,827,719,5,10,11,82
"E33019842","E01033615","E02006896",2011,320,243,9,11,21,36
"E33019843","E01033615","E02006896",2011,335,268,1,11,14,41
"E33019844","E01033557","E02006895",2011,896,745,26,20,20,85
"E33019845","E01033617","E02001876",2011,598,546,1,3,11,37
"E33019846","E01033617","E02001876",2011,349,308,3,5,5,28
"E33019847","E01033617","E02001876",2011,894,798,4,2,23,67
"E33019848","E01033617","E02001876",2011,204,157,5,8,11,23
"E33019849","E01033617","E02001876",2011,1180,1035,18,31,40,56
"E33019850","E01033617","E02001876",2011,348,310,3,1,10,24
"E33019851","E01033617","E02001876",2011,1138,1025,9,16,24,64
"E33019852","E01033617","E02001876",2011,2900,2432,24,35,116,293
"E33019853","E01033617","E02001876",2011,344,281,3,3,16,41
"E33019854","E01033617","E02001876",2011,2997,2748,10,23,61,155
"E33019855","E01033617","E02001876",2011,364,300,4,10,12,38
"E33019856","E01033619","E02006898",2011,207,186,1,2,4,14
"E33019857","E01033619","E02006898",2011,268,245,3,3,5,12
"E33019858","E01009378","E02006896",2011,226,165,10,16,19,16
"E33019859","E01009378","E02006896",2011,200,149,2,2,13,34
"E33019860","E01009378","E02006896",2011,384,286,6,6,13,73
"E33019861","E01009378","E02006896",2011,516,456,3,3,15,39
"E33019862","E01009378","E02006896",2011,257,202,3,5,19,28
"E33019863","E01009378","E02006896",2011,310,193,6,11,39,61
"E33019864","E01033620","E02006899",2011,426,357,6,9,23,31
"E33019865","E01033561","E02001876",2011,357,302,7,12,14,22
"E33019866","E01033561","E02001876",2011,406,337,5,8,25,31
"E33019867","E01033561","E02001876",2011,228,130,4,21,37,36
"E33019868","E01033561","E02001876",2011,1939,1477,43,84,110,225
"E33019869","E01033561","E02001876",2011,254,219,1,7,10,17
"E33019870","E01033561","E02001876",2011,1577,1244,15,73,74,171
"E33019871","E01033561","E02001876",2011,305,256,1,6,6,36
"E33019872","E01033561","E02001876",2011,474,375,6,6,27,60
"E33019873","E01033561","E02001876",2011,397,368,1,2,6,20
"E33019874","E01009345","E02001879",2011,1090,952,7,11,36,84
"E33019875","E01033620","E02006899",2011,310,267,0,3,15,25
"E33019876","E01033620","E02006899",2011,515,468,2,7,10,28
"E33019877","E01033620","E02006899",2011,406,367,4,10,8,17
"E33019878","E01033620","E02006899",2011,697,615,7,26,18,31
"E33019879","E01033620","E02006899",2011,1925,1634,12,39,59,181
"E33019880","E01033620","E02006899",2011,390,338,6,16,7,23
"E33019881","E01033620","E02006899",2011,1589,1449,26,30,34,50
"E33019882","E01033620","E02006899",2011,1138,1033,9,14,18,64
"E33019883","E01033620","E02006899",2011,294,224,28,11,9,22
"E33019884","E01033620","E02006899",2011,512,442,15,10,20,25
"E33019885","E01033620","E02006899",2011,254,247,2,0,2,3
"E33019886","E01033620","E02006899",2011,1743,1619,4,13,34,73
"E33019887","E01033620","E02006899",2011,1341,1184,12,21,25,99
"E33019888","E01033620","E02006899",2011,1063,975,7,8,18,55
"E33019889","E01033620","E02006899",2011,409,376,2,2,3,26
"E33019890","E01033620","E02006899",2011,1440,1313,9,18,38,62
"E33019891","E01033620","E02006899",2011,907,830,5,8,27,37
"E33019892","E01033620","E02006899",2011,1291,1189,11,9,25,57
"E33019893","E01033620","E02006899",2011,769,601,30,35,35,68
"E33019894","E01033620","E02006899",2011,676,615,3,3,14,41
"E33019895","E01033620","E02006899",2011,985,885,4,16,21,59
"E33019896","E01033620","E02006899",2011,485,434,6,4,13,28
"E33019897","E01033620","E02006899",2011,198,135,13,13,13,24
"E33019898","E01033620","E02006899",2011,391,347,0,7,11,26
"E33019899","E01033620","E02006899",2011,855,746,7,21,36,45
"E33019900","E01033620","E02006899",2011,988,818,9,22,44,95
"E33019901","E01033620","E02006899",2011,273,225,1,12,16,19
"E33019902","E01033620","E02006899",2011,496,431,2,3,6,54
"E33019903","E01033620","E02006899",2011,1354,1159,1,6,19,169
"E33019904","E01033620","E02006899",2011,1824,1703,7,14,23,77
"E33019905","E01033620","E02006899",2011,410,372,3,8,9,18
"E33019906","E01033620","E02006899",2011,313,297,1,0,4,11
"E33019907","E01033620","E02006899",2011,614,534,12,14,10,44
"E33019908","E01033625","E02006899",2011,1352,1196,3,13,51,89
"E33019909","E01033625","E02006899",2011,2021,1710,43,60,97,111
"E33019910","E01033625","E02006899",2011,329,267,11,12,16,23
"E33019911","E01033625","E02006899",2011,282,210,15,19,21,17
"E33019912","E01033617","E02001876",2011,603,492,8,14,22,67
"E33019913","E01033625","E02006899",2011,906,796,17,14,17,62
"E33019914","E01033625","E02006899",2011,521,412,23,24,21,41
"E33019915","E01033625","E02006899",2011,268,234,1,8,3,22
"E33019916","E01033625","E02006899",2011,666,536,22,41,32,35
"E33019917","E01033617","E02001876",2011,1687,1467,14,22,30,154
"E33019918","E01008899","E02001863",2011,312,263,0,11,8,30
"E33019919","E01033620","E02006899",2011,441,361,13,19,18,30
"E33019920","E01033620","E02006899",2011,1005,854,13,24,35,79
"E33019921","E01033620","E02006899",2011,309,278,0,1,8,22
"E33019922","E01033620","E02006899",2011,865,676,17,52,56,64
"E33019923","E01033620","E02006899",2011,319,265,2,7,18,27
"E33019924","E01033620","E02006899",2011,1357,1208,6,8,16,119
"E33019925","E01033620","E02006899",2011,331,287,5,3,8,28
"E33019926","E01033620","E02006899",2011,348,299,1,5,13,30
"E33019927","E01033620","E02006899",2011,620,497,22,29,22,50
"E33019928","E01033620","E02006899",2011,434,353,9,7,20,45
"E33019929","E01033620","E02006899",2011,354,299,4,7,16,28
"E33019930","E01033620","E02006899",2011,368,307,0,1,12,48
"E33019931","E01033620","E02006899",2011,370,306,11,8,7,38
"E33019932","E01033620","E02006899",2011,206,151,4,14,21,16
"E33019933","E01033620","E02006899",2011,333,254,12,9,15,43
"E33019934","E01033620","E02006899",2011,523,470,10,5,9,29
"E33019935","E01033620","E02006899",2011,2606,2389,18,25,44,130
"E33019936","E01033622","E02006899",2011,233,215,1,4,3,10
"E33019937","E01033622","E02006899",2011,306,266,3,3,15,19
"E33019938","E01033622","E02006899",2011,677,583,4,15,19,56
"E33019939","E01033619","E02006898",2011,264,208,20,5,8,23
"E33019940","E01033619","E02006898",2011,420,376,3,7,7,27
"E33019941","E01033619","E02006898",2011,348,298,2,5,5,38
"E33019942","E01033623","E02006899",2011,324,260,2,1,10,51
"E33019943","E01033623","E02006899",2011,615,544,8,6,20,37
"E33019944","E01033623","E02006899",2011,600,494,14,29,20,43
"E33019945","E01033631","E02001905",2011,233,204,3,3,5,18
"E33019946","E01033631","E02001905",2011,576,495,9,10,8,54
"E33019947","E01009143","E02006897",2011,601,556,1,3,10,31
"E33019948","E01009143","E02006897",2011,447,293,12,15,41,86
"E33019949","E01009143","E02006897",2011,1166,996,14,23,42,91
"E33019950","E01033565","E02006898",2011,1072,933,18,15,32,74
"E33019951","E01033620","E02006899",2011,559,510,5,5,6,33
"E33019952","E01033620","E02006899",2011,350,278,13,6,24,29
"E33019953","E01033620","E02006899",2011,359,266,10,28,23,32
"E33019954","E01009342","E02001889",2011,1441,1200,4,16,70,151
"E33019955","E01033622","E02006899",2011,443,388,9,8,8,30
"E33019956","E01033623","E02006899",2011,212,185,4,8,5,10
"E33019957","E01009239","E02001859",2011,1563,1334,16,16,56,141
"E33019958","E01009239","E02001859",2011,698,569,5,34,35,55
"E33019959","E01009239","E02001859",2011,535,449,4,8,13,61
"E33019960","E01008914","E02001876",2011,248,211,3,7,8,19
"E33019961","E01008914","E02001876",2011,215,158,4,4,8,41
"E33019962","E01008914","E02001876",2011,246,205,5,2,8,26
"E33019963","E01008914","E02001876",2011,227,213,0,2,4,8
"E33019964","E01008914","E02001876",2011,224,198,1,3,7,15
"E33019965","E01008914","E02001876",2011,444,375,2,9,12,46
"E33019966","E01009418","E02001827",2011,284,261,1,3,5,14
"E33019966","E01009433","E02001827",2011,284,261,1,3,5,14
"E33019967","E01009418","E02001827",2011,635,581,3,4,7,40
"E33019967","E01009433","E02001827",2011,635,581,3,4,7,40
"E33019967","E01009419","E02001827",2011,635,581,3,4,7,40
"E33019967","E01009417","E02001827",2011,635,581,3,4,7,40
"E33019968","E01009415","E02001828",2011,258,242,0,3,3,10
"E33019968","E01009423","E02001828",2011,258,242,0,3,3,10
"E33019969","E01009423","E02001828",2011,437,408,1,5,4,19
"E33019969","E01009425","E02001828",2011,437,408,1,5,4,19
"E33019970","E01009425","E02001828",2011,420,399,6,5,2,8
"E33019970","E01009415","E02001828",2011,420,399,6,5,2,8
"E33019970","E01009422","E02001828",2011,420,399,6,5,2,8
"E33019971","E01009425","E02001828",2011,475,440,2,6,11,16
"E33019972","E01009422","E02001828",2011,496,466,3,6,4,17
"E33019972","E01009425","E02001828",2011,496,466,3,6,4,17
"E33019973","E01009420","E02001829",2011,364,346,0,1,1,16
"E33019973","E01009426","E02001829",2011,364,346,0,1,1,16
"E33019973","E01009416","E02001829",2011,364,346,0,1,1,16
"E33019974","E01009416","E02001829",2011,324,305,2,1,1,15
"E33019975","E01009431","E02001829",2011,367,335,1,3,4,24
"E33019975","E01009429","E02001829",2011,367,335,1,3,4,24
"E33019975","E01009426","E02001829",2011,367,335,1,3,4,24
"E33019976","E01009431","E02001829",2011,412,383,2,5,6,16
"E33019976","E01009426","E02001829",2011,412,383,2,5,6,16
"E33019976","E01009429","E02001829",2011,412,383,2,5,6,16
"E33019977","E01009424","E02001830",2011,421,387,2,1,4,27
"E33019977","E01009421","E02001830",2011,421,387,2,1,4,27
"E33019978","E01009424","E02001830",2011,338,305,2,3,7,21
"E33019979","E01009424","E02001830",2011,230,201,0,5,12,12
"E33019979","E01009430","E02001830",2011,230,201,0,5,12,12
"E33019980","E01009427","E02001830",2011,333,312,0,1,1,19
"E33019980","E01009430","E02001830",2011,333,312,0,1,1,19
"E33019981","E01009430","E02001830",2011,281,248,1,2,6,24
"E33019981","E01009427","E02001830",2011,281,248,1,2,6,24
"E33019982","E01009468","E02001830",2011,278,237,4,2,10,25
"E33019983","E01009424","E02001830",2011,349,314,4,2,6,23
"E33019984","E01009424","E02001830",2011,914,805,7,14,18,70
"E33019984","E01009428","E02001830",2011,914,805,7,14,18,70
"E33019985","E01009448","E02001831",2011,321,302,0,2,5,12
"E33019985","E01009445","E02001831",2011,321,302,0,2,5,12
"E33019986","E01009447","E02001831",2011,262,238,1,2,9,12
"E33019986","E01009446","E02001831",2011,262,238,1,2,9,12
"E33019987","E01009447","E02001831",2011,704,651,0,3,9,41
"E33019987","E01009445","E02001831",2011,704,651,0,3,9,41
"E33019987","E01009446","E02001831",2011,704,651,0,3,9,41
"E33019988","E01009452","E02001831",2011,364,336,1,1,3,23
"E33019988","E01009455","E02001831",2011,364,336,1,1,3,23
"E33019989","E01009447","E02001831",2011,534,494,1,5,14,20
"E33019989","E01009452","E02001831",2011,534,494,1,5,14,20
"E33019989","E01009448","E02001831",2011,534,494,1,5,14,20
"E33019990","E01009437","E02001832",2011,213,197,0,2,6,8
"E33019991","E01009444","E02001832",2011,370,347,1,0,7,15
"E33019992","E01009454","E02001832",2011,282,262,0,3,1,16
"E33019992","E01009435","E02001832",2011,282,262,0,3,1,16
"E33019993","E01009432","E02001832",2011,3177,2629,31,46,172,299
"E33019994","E01009437","E02001832",2011,381,349,1,2,8,21
"E33019995","E01009435","E02001832",2011,327,294,3,3,4,23
"E33019995","E01009437","E02001832",2011,327,294,3,3,4,23
"E33019996","E01009467","E02001833",2011,329,309,0,0,5,15
"E33019996","E01009465","E02001833",2011,329,309,0,0,5,15
"E33019997","E01009221","E02001833",2011,345,307,1,4,5,28
"E33019998","E01009464","E02001833",2011,292,264,2,4,4,18
"E33019998","E01009465","E02001833",2011,292,264,2,4,4,18
"E33019999","E01009221","E02001833",2011,352,322,0,2,5,23
"E33019999","E01009465","E02001833",2011,352,322,0,2,5,23
"E33020000","E01009220","E02001834",2011,576,540,1,2,4,29
"E33020000","E01009233","E02001834",2011,576,540,1,2,4,29
"E33020000","E01009224","E02001834",2011,576,540,1,2,4,29
"E33020000","E01009222","E02001834",2011,576,540,1,2,4,29
"E33020001","E01009471","E02001835",2011,288,243,4,8,10,23
"E33020002","E01009453","E02001835",2011,566,509,6,4,10,37
"E33020002","E01009449","E02001835",2011,566,509,6,4,10,37
"E33020002","E01009451","E02001835",2011,566,509,6,4,10,37
"E33020003","E01009471","E02001835",2011,272,240,1,4,13,14
"E33020003","E01009466","E02001835",2011,272,240,1,4,13,14
"E33020004","E01009466","E02001835",2011,357,332,0,0,3,22
"E33020005","E01009449","E02001835",2011,506,454,6,7,6,33
"E33020006","E01009451","E02001835",2011,450,401,4,3,9,33
"E33020007","E01009472","E02001836",2011,370,335,0,1,5,29
"E33020007","E01009474","E02001836",2011,370,335,0,1,5,29
"E33020007","E01009470","E02001836",2011,370,335,0,1,5,29
"E33020008","E01009472","E02001836",2011,309,267,1,6,6,29
"E33020008","E01009135","E02001836",2011,309,267,1,6,6,29
"E33020008","E01009473","E02001836",2011,309,267,1,6,6,29
"E33020009","E01009469","E02001836",2011,263,241,0,1,2,19
"E33020009","E01009470","E02001836",2011,263,241,0,1,2,19
"E33020010","E01009474","E02001836",2011,306,290,0,1,4,11
"E33020010","E01009472","E02001836",2011,306,290,0,1,4,11
"E33020011","E01009473","E02001836",2011,1444,1268,13,21,45,97
"E33020011","E01009469","E02001836",2011,1444,1268,13,21,45,97
"E33020012","E01009133","E02001837",2011,654,576,4,7,13,54
"E33020012","E01009134","E02001837",2011,654,576,4,7,13,54
"E33020012","E01009131","E02001837",2011,654,576,4,7,13,54
"E33020012","E01009130","E02001837",2011,654,576,4,7,13,54
"E33020013","E01009128","E02001837",2011,357,292,3,6,18,38
"E33020013","E01009131","E02001837",2011,357,292,3,6,18,38
"E33020013","E01009127","E02001837",2011,357,292,3,6,18,38
"E33020014","E01009137","E02001837",2011,337,290,2,6,6,33
"E33020014","E01009134","E02001837",2011,337,290,2,6,6,33
"E33020015","E01009440","E02001838",2011,383,362,1,1,3,16
"E33020015","E01009436","E02001838",2011,383,362,1,1,3,16
"E33020016","E01009438","E02001838",2011,280,261,0,0,0,19
"E33020016","E01009436","E02001838",2011,280,261,0,0,0,19
"E33020017","E01009440","E02001838",2011,281,257,1,2,6,15
"E33020018","E01009450","E02001838",2011,367,345,1,0,4,17
"E33020018","E01009434","E02001838",2011,367,345,1,0,4,17
"E33020019","E01009225","E02001839",2011,365,336,0,1,2,26
"E33020019","E01009223","E02001839",2011,365,336,0,1,2,26
"E33020019","E01009228","E02001839",2011,365,336,0,1,2,26
"E33020020","E01009227","E02001839",2011,328,286,3,1,6,32
"E33020020","E01009228","E02001839",2011,328,286,3,1,6,32
"E33020021","E01009223","E02001839",2011,254,237,0,1,2,14
"E33020022","E01009228","E02001839",2011,310,274,1,5,8,22
"E33020022","E01009225","E02001839",2011,310,274,1,5,8,22
"E33020023","E01009129","E02001840",2011,305,262,3,7,13,20
"E33020023","E01009132","E02001840",2011,305,262,3,7,13,20
"E33020024","E01009121","E02001840",2011,245,215,0,4,4,22
"E33020025","E01009122","E02001840",2011,353,292,6,12,9,34
"E33020026","E01009136","E02001840",2011,376,278,3,3,28,64
"E33020026","E01009132","E02001840",2011,376,278,3,3,28,64
"E33020027","E01009121","E02001840",2011,274,237,2,4,11,20
"E33020028","E01009463","E02001841",2011,245,222,1,1,6,15
"E33020028","E01009457","E02001841",2011,245,222,1,1,6,15
"E33020029","E01009463","E02001841",2011,274,243,1,0,11,19
"E33020029","E01009459","E02001841",2011,274,243,1,0,11,19
"E33020030","E01009461","E02001841",2011,318,285,7,2,5,19
"E33020030","E01009463","E02001841",2011,318,285,7,2,5,19
"E33020031","E01009459","E02001841",2011,323,294,1,9,5,14
"E33020031","E01009457","E02001841",2011,323,294,1,9,5,14
"E33020032","E01009245","E02001842",2011,299,248,3,6,8,34
"E33020032","E01009246","E02001842",2011,299,248,3,6,8,34
"E33020032","E01009235","E02001842",2011,299,248,3,6,8,34
"E33020033","E01009247","E02001842",2011,295,253,2,5,6,29
"E33020033","E01009246","E02001842",2011,295,253,2,5,6,29
"E33020033","E01009243","E02001842",2011,295,253,2,5,6,29
"E33020034","E01009245","E02001842",2011,348,288,3,7,11,39
"E33020034","E01009243","E02001842",2011,348,288,3,7,11,39
"E33020035","E01009230","E02001843",2011,250,212,0,5,7,26
"E33020035","E01009229","E02001843",2011,250,212,0,5,7,26
"E33020036","E01009229","E02001843",2011,365,285,1,6,16,57
"E33020036","E01009231","E02001843",2011,365,285,1,6,16,57
"E33020036","E01009230","E02001843",2011,365,285,1,6,16,57
"E33020037","E01009231","E02001843",2011,322,297,1,2,8,14
"E33020038","E01009230","E02001843",2011,648,527,7,12,27,75
"E33020038","E01009226","E02001843",2011,648,527,7,12,27,75
"E33020038","E01009229","E02001843",2011,648,527,7,12,27,75
"E33020039","E01009226","E02001843",2011,317,273,1,6,8,29
"E33020040","E01009462","E02001844",2011,487,432,5,6,9,35
"E33020041","E01009003","E02001844",2011,465,373,4,8,19,61
"E33020042","E01009003","E02001844",2011,493,422,3,5,21,42
"E33020043","E01009458","E02001844",2011,284,248,1,6,4,25
"E33020043","E01009460","E02001844",2011,284,248,1,6,4,25
"E33020044","E01009456","E02001844",2011,344,316,0,5,7,16
"E33020044","E01009458","E02001844",2011,344,316,0,5,7,16
"E33020044","E01009460","E02001844",2011,344,316,0,5,7,16
"E33020045","E01009001","E02001844",2011,475,392,5,13,23,42
"E33020045","E01009460","E02001844",2011,475,392,5,13,23,42
"E33020046","E01009462","E02001844",2011,306,283,4,2,3,14
"E33020047","E01009236","E02001845",2011,304,262,0,8,6,28
"E33020047","E01009234","E02001845",2011,304,262,0,8,6,28
"E33020047","E01009244","E02001845",2011,304,262,0,8,6,28
"E33020048","E01009244","E02001845",2011,695,622,3,10,12,48
"E33020048","E01009248","E02001845",2011,695,622,3,10,12,48
"E33020049","E01009234","E02001845",2011,347,289,1,2,15,40
"E33020049","E01009248","E02001845",2011,347,289,1,2,15,40
"E33020049","E01009244","E02001845",2011,347,289,1,2,15,40
"E33020050","E01009405","E02001846",2011,297,253,2,6,8,28
"E33020050","E01009406","E02001846",2011,297,253,2,6,8,28
"E33020051","E01009407","E02001846",2011,358,275,2,10,37,34
"E33020051","E01009405","E02001846",2011,358,275,2,10,37,34
"E33020052","E01009403","E02001846",2011,387,313,2,17,16,39
"E33020052","E01009406","E02001846",2011,387,313,2,17,16,39
"E33020052","E01009404","E02001846",2011,387,313,2,17,16,39
"E33020053","E01009439","E02001847",2011,301,272,1,3,10,15
"E33020053","E01009442","E02001847",2011,301,272,1,3,10,15
"E33020054","E01009441","E02001847",2011,340,322,0,1,6,11
"E33020055","E01009443","E02001847",2011,579,543,0,2,8,26
"E33020055","E01009442","E02001847",2011,579,543,0,2,8,26
"E33020056","E01009123","E02001848",2011,449,390,3,3,13,40
"E33020057","E01009124","E02001848",2011,303,242,1,13,13,34
"E33020057","E01009125","E02001848",2011,303,242,1,13,13,34
"E33020057","E01009123","E02001848",2011,303,242,1,13,13,34
"E33020058","E01009232","E02001848",2011,549,441,10,10,33,55
"E33020059","E01033632","E02001849",2011,309,260,5,3,19,22
"E33020059","E01009007","E02001849",2011,309,260,5,3,19,22
"E33020060","E01009002","E02001849",2011,293,246,2,8,9,28
"E33020060","E01009006","E02001849",2011,293,246,2,8,9,28
"E33020060","E01009007","E02001849",2011,293,246,2,8,9,28
"E33020061","E01033632","E02001849",2011,335,289,1,5,19,21
"E33020062","E01009007","E02001849",2011,335,284,3,10,8,30
"E33020062","E01009006","E02001849",2011,335,284,3,10,8,30
"E33020063","E01009237","E02001850",2011,339,272,1,8,10,48
"E33020063","E01009240","E02001850",2011,339,272,1,8,10,48
"E33020064","E01009237","E02001850",2011,320,259,0,4,13,44
"E33020064","E01009238","E02001850",2011,320,259,0,4,13,44
"E33020065","E01009238","E02001850",2011,647,500,7,11,26,103
"E33020065","E01009241","E02001850",2011,647,500,7,11,26,103
"E33020065","E01009240","E02001850",2011,647,500,7,11,26,103
"E33020066","E01009242","E02001850",2011,483,362,18,15,11,77
"E33020066","E01009241","E02001850",2011,483,362,18,15,11,77
"E33020067","E01009100","E02001851",2011,449,381,2,12,15,39
"E33020067","E01009098","E02001851",2011,449,381,2,12,15,39
"E33020067","E01009105","E02001851",2011,449,381,2,12,15,39
"E33020068","E01009005","E02001851",2011,362,319,1,2,6,34
"E33020068","E01009009","E02001851",2011,362,319,1,2,6,34
"E33020068","E01009100","E02001851",2011,362,319,1,2,6,34
"E33020069","E01009105","E02001851",2011,495,439,2,5,13,36
"E33020070","E01009100","E02001851",2011,452,389,2,17,16,28
"E33020070","E01009098","E02001851",2011,452,389,2,17,16,28
"E33020071","E01009409","E02001852",2011,293,215,3,17,12,46
"E33020071","E01009408","E02001852",2011,293,215,3,17,12,46
"E33020072","E01009408","E02001852",2011,386,300,3,5,15,63
"E33020072","E01009410","E02001852",2011,386,300,3,5,15,63
"E33020073","E01009410","E02001852",2011,777,697,2,15,24,39
"E33020074","E01009410","E02001852",2011,463,355,10,11,13,74
"E33020074","E01009408","E02001852",2011,463,355,10,11,13,74
"E33020074","E01009126","E02001852",2011,463,355,10,11,13,74
"E33020075","E01009011","E02001854",2011,309,239,1,5,18,46
"E33020076","E01009008","E02001854",2011,310,255,1,5,5,44
"E33020076","E01009012","E02001854",2011,310,255,1,5,5,44
"E33020076","E01009011","E02001854",2011,310,255,1,5,5,44
"E33020077","E01009104","E02001854",2011,575,414,13,13,53,82
"E33020077","E01009102","E02001854",2011,575,414,13,13,53,82
"E33020078","E01009012","E02001854",2011,269,239,2,2,1,25
"E33020078","E01009102","E02001854",2011,269,239,2,2,1,25
"E33020079","E01009099","E02001855",2011,366,337,0,1,7,21
"E33020079","E01009097","E02001855",2011,366,337,0,1,7,21
"E33020080","E01009096","E02001855",2011,261,237,3,4,7,10
"E33020081","E01009103","E02001855",2011,380,338,0,4,15,23
"E33020081","E01009097","E02001855",2011,380,338,0,4,15,23
"E33020082","E01009106","E02001855",2011,929,871,0,8,23,27
"E33020082","E01009097","E02001855",2011,929,871,0,8,23,27
"E33020083","E01009101","E02001855",2011,675,616,2,8,10,39
"E33020083","E01009099","E02001855",2011,675,616,2,8,10,39
"E33020084","E01009411","E02001856",2011,675,550,13,31,37,44
"E33020084","E01009414","E02001856",2011,675,550,13,31,37,44
"E33020084","E01008915","E02001856",2011,675,550,13,31,37,44
"E33020085","E01009413","E02001856",2011,282,196,9,14,16,47
"E33020085","E01009412","E02001856",2011,282,196,9,14,16,47
"E33020085","E01009414","E02001856",2011,282,196,9,14,16,47
"E33020086","E01008915","E02001856",2011,567,450,2,8,32,75
"E33020087","E01009414","E02001856",2011,450,275,13,13,30,119
"E33020087","E01009413","E02001856",2011,450,275,13,13,30,119
"E33020088","E01008999","E02001857",2011,246,179,2,13,24,28
"E33020088","E01009000","E02001857",2011,246,179,2,13,24,28
"E33020089","E01033646","E02001857",2011,307,241,10,10,14,32
"E33020089","E01009000","E02001857",2011,307,241,10,10,14,32
"E33020090","E01033646","E02001857",2011,403,328,8,9,17,41
"E33020091","E01008998","E02001857",2011,395,313,1,10,26,45
"E33020092","E01009000","E02001857",2011,320,243,6,12,11,48
"E33020092","E01008999","E02001857",2011,320,243,6,12,11,48
"E33020092","E01009400","E02001857",2011,320,243,6,12,11,48
"E33020093","E01009013","E02001857",2011,290,223,4,8,14,41
"E33020094","E01033630","E02001857",2011,369,283,4,5,27,50
"E33020095","E01009013","E02001857",2011,570,462,2,16,33,57
"E33020096","E01009401","E02001857",2011,501,407,8,10,22,54
"E33020097","E01009056","E02001858",2011,273,167,1,9,30,66
"E33020098","E01009263","E02001858",2011,307,190,8,15,14,80
"E33020098","E01009049","E02001858",2011,307,190,8,15,14,80
"E33020099","E01009264","E02001858",2011,402,257,7,23,40,75
"E33020099","E01009265","E02001858",2011,402,257,7,23,40,75
"E33020100","E01009263","E02001858",2011,352,195,12,21,36,88
"E33020100","E01009265","E02001858",2011,352,195,12,21,36,88
"E33020101","E01009058","E02001859",2011,326,159,15,12,25,115
"E33020101","E01009054","E02001859",2011,326,159,15,12,25,115
"E33020101","E01009061","E02001859",2011,326,159,15,12,25,115
"E33020102","E01009054","E02001859",2011,499,329,15,26,24,105
"E33020102","E01009058","E02001859",2011,499,329,15,26,24,105
"E33020102","E01009051","E02001859",2011,499,329,15,26,24,105
"E33020103","E01009058","E02001859",2011,486,273,22,27,50,114
"E33020103","E01009053","E02001859",2011,486,273,22,27,50,114
"E33020104","E01009239","E02001859",2011,412,348,13,4,14,33
"E33020105","E01009051","E02001859",2011,393,210,16,29,35,103
"E33020105","E01009054","E02001859",2011,393,210,16,29,35,103
"E33020106","E01009273","E02001860",2011,331,107,32,24,63,105
"E33020106","E01009271","E02001860",2011,331,107,32,24,63,105
"E33020106","E01009269","E02001860",2011,331,107,32,24,63,105
"E33020106","E01009270","E02001860",2011,331,107,32,24,63,105
"E33020107","E01009266","E02001860",2011,418,218,22,39,38,101
"E33020107","E01009269","E02001860",2011,418,218,22,39,38,101
"E33020107","E01009271","E02001860",2011,418,218,22,39,38,101
"E33020108","E01009270","E02001860",2011,373,196,11,12,25,129
"E33020108","E01009266","E02001860",2011,373,196,11,12,25,129
"E33020109","E01009057","E02001861",2011,292,145,4,10,30,103
"E33020109","E01009059","E02001861",2011,292,145,4,10,30,103
"E33020110","E01033621","E02001861",2011,262,152,6,7,23,74
"E33020111","E01033621","E02001861",2011,258,168,5,11,10,64
"E33020112","E01009059","E02001861",2011,293,179,3,11,21,79
"E33020112","E01009060","E02001861",2011,293,179,3,11,21,79
"E33020113","E01009050","E02001861",2011,477,223,27,50,67,110
"E33020113","E01009057","E02001861",2011,477,223,27,50,67,110
"E33020114","E01009349","E02001862",2011,412,243,14,22,32,101
"E33020114","E01009351","E02001862",2011,412,243,14,22,32,101
"E33020115","E01009349","E02001862",2011,337,119,21,55,44,98
"E33020115","E01009351","E02001862",2011,337,119,21,55,44,98
"E33020115","E01009274","E02001862",2011,337,119,21,55,44,98
"E33020116","E01009274","E02001862",2011,297,139,11,22,27,98
"E33020117","E01009272","E02001862",2011,279,168,11,12,17,71
"E33020117","E01009268","E02001862",2011,279,168,11,12,17,71
"E33020118","E01009351","E02001862",2011,428,294,6,16,20,92
"E33020118","E01009354","E02001862",2011,428,294,6,16,20,92
"E33020119","E01009272","E02001862",2011,300,223,4,7,26,40
"E33020119","E01009274","E02001862",2011,300,223,4,7,26,40
"E33020120","E01008916","E02001863",2011,224,134,0,5,15,70
"E33020121","E01008901","E02001863",2011,220,171,0,1,6,42
"E33020122","E01033636","E02001863",2011,306,140,11,16,19,120
"E33020123","E01008899","E02001863",2011,427,355,4,7,13,48
"E33020123","E01008916","E02001863",2011,427,355,4,7,13,48
"E33020124","E01008901","E02001863",2011,312,183,4,8,27,90
"E33020124","E01033636","E02001863",2011,312,183,4,8,27,90
"E33020125","E01009081","E02001864",2011,613,481,10,15,32,75
"E33020125","E01009083","E02001864",2011,613,481,10,15,32,75
"E33020125","E01009080","E02001864",2011,613,481,10,15,32,75
"E33020125","E01009079","E02001864",2011,613,481,10,15,32,75
"E33020126","E01033635","E02001865",2011,396,187,23,30,38,118
"E33020127","E01009350","E02001865",2011,279,153,11,14,18,83
"E33020127","E01009275","E02001865",2011,279,153,11,14,18,83
"E33020128","E01009352","E02001865",2011,373,165,18,26,48,116
"E33020128","E01009353","E02001865",2011,373,165,18,26,48,116
"E33020129","E01009355","E02001865",2011,360,223,13,11,22,91
"E33020129","E01009352","E02001865",2011,360,223,13,11,22,91
"E33020130","E01009275","E02001865",2011,461,280,21,24,30,106
"E33020131","E01009355","E02001865",2011,596,405,10,15,42,124
"E33020132","E01008907","E02001866",2011,337,187,8,21,39,82
"E33020132","E01009048","E02001866",2011,337,187,8,21,39,82
"E33020133","E01008905","E02001866",2011,391,244,1,11,30,105
"E33020133","E01008907","E02001866",2011,391,244,1,11,30,105
"E33020134","E01009047","E02001866",2011,259,133,20,9,15,82
"E33020134","E01009048","E02001866",2011,259,133,20,9,15,82
"E33020135","E01009048","E02001866",2011,458,300,8,4,36,110
"E33020135","E01009047","E02001866",2011,458,300,8,4,36,110
"E33020136","E01009047","E02001866",2011,326,132,8,24,39,123
"E33020136","E01009062","E02001866",2011,326,132,8,24,39,123
"E33020137","E01008909","E02001867",2011,282,215,5,11,12,39
"E33020138","E01033637","E02001867",2011,338,223,3,7,17,88
"E33020139","E01033628","E02001867",2011,399,226,9,13,31,120
"E33020139","E01033637","E02001867",2011,399,226,9,13,31,120
"E33020140","E01033628","E02001867",2011,230,70,13,8,16,123
"E33020141","E01008909","E02001867",2011,505,352,4,14,38,97
"E33020141","E01033628","E02001867",2011,505,352,4,14,38,97
"E33020141","E01033637","E02001867",2011,505,352,4,14,38,97
"E33020142","E01009087","E02001868",2011,252,219,4,4,4,21
"E33020142","E01009089","E02001868",2011,252,219,4,4,4,21
"E33020143","E01009090","E02001868",2011,316,234,2,5,13,62
"E33020143","E01009089","E02001868",2011,316,234,2,5,13,62
"E33020144","E01009090","E02001868",2011,510,370,8,12,22,98
"E33020144","E01009085","E02001868",2011,510,370,8,12,22,98
"E33020145","E01009090","E02001868",2011,400,271,6,17,27,79
"E33020145","E01009084","E02001868",2011,400,271,6,17,27,79
"E33020145","E01009085","E02001868",2011,400,271,6,17,27,79
"E33020146","E01009203","E02001869",2011,333,219,8,11,44,51
"E33020146","E01009201","E02001869",2011,333,219,8,11,44,51
"E33020147","E01009201","E02001869",2011,335,262,2,9,23,39
"E33020147","E01009202","E02001869",2011,335,262,2,9,23,39
"E33020148","E01009481","E02001870",2011,278,169,4,6,26,73
"E33020148","E01009487","E02001870",2011,278,169,4,6,26,73
"E33020149","E01009487","E02001870",2011,339,225,5,12,17,80
"E33020149","E01009486","E02001870",2011,339,225,5,12,17,80
"E33020150","E01009082","E02001870",2011,666,576,3,7,26,54
"E33020150","E01009086","E02001870",2011,666,576,3,7,26,54
"E33020151","E01009086","E02001870",2011,332,242,2,10,23,55
"E33020152","E01009481","E02001870",2011,232,191,2,4,9,26
"E33020153","E01009486","E02001870",2011,533,325,17,20,32,139
"E33020153","E01009480","E02001870",2011,533,325,17,20,32,139
"E33020154","E01009091","E02001871",2011,358,317,0,4,3,34
"E33020154","E01009088","E02001871",2011,358,317,0,4,3,34
"E33020154","E01009305","E02001871",2011,358,317,0,4,3,34
"E33020154","E01009307","E02001871",2011,358,317,0,4,3,34
"E33020155","E01009091","E02001871",2011,429,381,0,8,8,32
"E33020155","E01009305","E02001871",2011,429,381,0,8,8,32
"E33020155","E01009307","E02001871",2011,429,381,0,8,8,32
"E33020155","E01009309","E02001871",2011,429,381,0,8,8,32
"E33020156","E01009310","E02001872",2011,327,303,1,1,6,16
"E33020156","E01009308","E02001872",2011,327,303,1,1,6,16
"E33020156","E01009306","E02001872",2011,327,303,1,1,6,16
"E33020157","E01009306","E02001872",2011,352,340,2,1,4,5
"E33020157","E01009310","E02001872",2011,352,340,2,1,4,5
"E33020157","E01009304","E02001872",2011,352,340,2,1,4,5
"E33020158","E01009304","E02001872",2011,459,429,0,3,12,15
"E33020158","E01009310","E02001872",2011,459,429,0,3,12,15
"E33020159","E01009358","E02001873",2011,494,315,11,18,31,119
"E33020159","E01009359","E02001873",2011,494,315,11,18,31,119
"E33020160","E01009359","E02001873",2011,600,292,20,34,77,177
"E33020161","E01009348","E02001873",2011,687,514,3,18,45,107
"E33020161","E01009360","E02001873",2011,687,514,3,18,45,107
"E33020162","E01009361","E02001873",2011,473,262,17,29,50,115
"E33020162","E01009360","E02001873",2011,473,262,17,29,50,115
"E33020163","E01009358","E02001873",2011,417,240,15,27,47,88
"E33020164","E01009348","E02001873",2011,4642,3459,44,90,334,715
"E33020165","E01009484","E02001874",2011,519,316,6,9,33,155
"E33020165","E01009485","E02001874",2011,519,316,6,9,33,155
"E33020166","E01009482","E02001874",2011,475,335,9,22,26,83
"E33020166","E01009479","E02001874",2011,475,335,9,22,26,83
"E33020167","E01009478","E02001874",2011,541,354,11,23,49,104
"E33020167","E01009479","E02001874",2011,541,354,11,23,49,104
"E33020167","E01009484","E02001874",2011,541,354,11,23,49,104
"E33020168","E01009347","E02001875",2011,239,178,2,14,16,29
"E33020169","E01033559","E02001875",2011,307,251,5,14,17,20
"E33020170","E01009347","E02001875",2011,493,354,13,13,24,89
"E33020171","E01033638","E02001875",2011,416,243,9,23,44,97
"E33020171","E01008906","E02001875",2011,416,243,9,23,44,97
"E33020172","E01033638","E02001875",2011,664,492,11,21,43,97
"E33020172","E01033559","E02001875",2011,664,492,11,21,43,97
"E33020172","E01008911","E02001875",2011,664,492,11,21,43,97
"E33020173","E01008913","E02001876",2011,225,157,0,5,19,44
"E33020174","E01008913","E02001876",2011,399,314,5,9,15,56
"E33020175","E01008914","E02001876",2011,466,360,1,9,46,50
"E33020176","E01008910","E02001876",2011,1790,1444,43,38,97,168
"E33020177","E01033617","E02001876",2011,759,678,6,12,17,46
"E33020177","E01008914","E02001876",2011,759,678,6,12,17,46
"E33020178","E01008914","E02001876",2011,313,213,1,13,21,65
"E33020179","E01033561","E02001876",2011,1008,895,4,13,33,63
"E33020180","E01008914","E02001876",2011,1101,917,9,37,39,99
"E33020181","E01009194","E02001877",2011,393,219,10,16,34,114
"E33020182","E01009489","E02001877",2011,498,273,5,21,42,157
"E33020183","E01009194","E02001877",2011,277,127,7,17,32,94
"E33020183","E01009491","E02001877",2011,277,127,7,17,32,94
"E33020184","E01009483","E02001877",2011,282,116,8,25,26,107
"E33020184","E01009489","E02001877",2011,282,116,8,25,26,107
"E33020185","E01009488","E02001877",2011,307,164,7,8,28,100
"E33020185","E01009491","E02001877",2011,307,164,7,8,28,100
"E33020186","E01009199","E02001878",2011,643,505,15,22,42,59
"E33020187","E01009192","E02001878",2011,318,256,4,7,5,46
"E33020188","E01033644","E02001878",2011,466,249,9,22,37,149
"E33020189","E01009192","E02001878",2011,268,114,4,15,16,119
"E33020189","E01033644","E02001878",2011,268,114,4,15,16,119
"E33020190","E01009204","E02001878",2011,474,328,5,19,56,66
"E33020191","E01009346","E02001879",2011,432,188,27,33,60,124
"E33020191","E01009345","E02001879",2011,432,188,27,33,60,124
"E33020192","E01009345","E02001879",2011,579,394,4,11,51,119
"E33020193","E01009153","E02001879",2011,380,235,11,18,36,80
"E33020194","E01009152","E02001879",2011,421,258,10,15,33,105
"E33020194","E01009153","E02001879",2011,421,258,10,15,33,105
"E33020195","E01009152","E02001879",2011,360,166,6,6,30,152
"E33020195","E01009151","E02001879",2011,360,166,6,6,30,152
"E33020196","E01009311","E02001880",2011,293,242,2,6,15,28
"E33020196","E01009298","E02001880",2011,293,242,2,6,15,28
"E33020196","E01009094","E02001880",2011,293,242,2,6,15,28
"E33020196","E01009093","E02001880",2011,293,242,2,6,15,28
"E33020197","E01009092","E02001880",2011,336,283,2,5,15,31
"E33020197","E01009094","E02001880",2011,336,283,2,5,15,31
"E33020197","E01009093","E02001880",2011,336,283,2,5,15,31
"E33020198","E01009511","E02001880",2011,527,445,0,7,21,54
"E33020198","E01009298","E02001880",2011,527,445,0,7,21,54
"E33020199","E01009477","E02001881",2011,318,151,8,15,38,106
"E33020199","E01009492","E02001881",2011,318,151,8,15,38,106
"E33020199","E01009475","E02001881",2011,318,151,8,15,38,106
"E33020200","E01009476","E02001881",2011,546,436,4,9,27,70
"E33020201","E01009490","E02001881",2011,415,287,15,12,31,70
"E33020202","E01009476","E02001881",2011,400,246,10,17,25,102
"E33020202","E01009475","E02001881",2011,400,246,10,17,25,102
"E33020202","E01009477","E02001881",2011,400,246,10,17,25,102
"E33020203","E01009095","E02001882",2011,566,457,3,20,26,60
"E33020204","E01009508","E02001882",2011,620,544,12,8,12,44
"E33020204","E01009510","E02001882",2011,620,544,12,8,12,44
"E33020204","E01009509","E02001882",2011,620,544,12,8,12,44
"E33020205","E01009507","E02001882",2011,385,284,6,7,15,73
"E33020205","E01009509","E02001882",2011,385,284,6,7,15,73
"E33020206","E01009507","E02001882",2011,607,395,8,23,33,148
"E33020206","E01009095","E02001882",2011,607,395,8,23,33,148
"E33020207","E01009510","E02001882",2011,284,245,1,4,4,30
"E33020207","E01009509","E02001882",2011,284,245,1,4,4,30
"E33020208","E01009300","E02001883",2011,487,393,4,6,19,65
"E33020209","E01009301","E02001883",2011,336,297,6,1,11,21
"E33020209","E01009300","E02001883",2011,336,297,6,1,11,21
"E33020209","E01009297","E02001883",2011,336,297,6,1,11,21
"E33020209","E01009303","E02001883",2011,336,297,6,1,11,21
"E33020210","E01009297","E02001883",2011,340,301,3,3,12,21
"E33020210","E01009300","E02001883",2011,340,301,3,3,12,21
"E33020211","E01009299","E02001883",2011,322,292,0,3,14,13
"E33020211","E01009303","E02001883",2011,322,292,0,3,14,13
"E33020212","E01009301","E02001883",2011,362,334,1,10,5,12
"E33020212","E01009303","E02001883",2011,362,334,1,10,5,12
"E33020213","E01009195","E02001884",2011,678,396,20,22,61,179
"E33020213","E01009197","E02001884",2011,678,396,20,22,61,179
"E33020214","E01009198","E02001884",2011,262,159,4,11,25,63
"E33020215","E01033649","E02001884",2011,844,585,13,19,55,172
"E33020215","E01033647","E02001884",2011,844,585,13,19,55,172
"E33020216","E01009140","E02001886",2011,293,195,8,9,15,66
"E33020216","E01009145","E02001886",2011,293,195,8,9,15,66
"E33020217","E01009147","E02001886",2011,332,209,13,24,21,65
"E33020217","E01009139","E02001886",2011,332,209,13,24,21,65
"E33020217","E01009138","E02001886",2011,332,209,13,24,21,65
"E33020218","E01009145","E02001886",2011,245,167,3,14,21,40
"E33020218","E01009147","E02001886",2011,245,167,3,14,21,40
"E33020219","E01009147","E02001886",2011,350,225,7,8,31,79
"E33020219","E01009138","E02001886",2011,350,225,7,8,31,79
"E33020220","E01009138","E02001886",2011,465,334,7,12,24,88
"E33020220","E01009139","E02001886",2011,465,334,7,12,24,88
"E33020221","E01009140","E02001886",2011,239,176,2,13,21,27
"E33020222","E01009140","E02001886",2011,499,421,4,8,14,52
"E33020223","E01009517","E02001888",2011,336,296,5,4,5,26
"E33020223","E01009512","E02001888",2011,336,296,5,4,5,26
"E33020224","E01009517","E02001888",2011,431,377,1,7,15,31
"E33020224","E01009516","E02001888",2011,431,377,1,7,15,31
"E33020224","E01009514","E02001888",2011,431,377,1,7,15,31
"E33020225","E01009516","E02001888",2011,411,342,7,6,18,38
"E33020225","E01009514","E02001888",2011,411,342,7,6,18,38
"E33020226","E01033642","E02001889",2011,754,409,28,43,67,207
"E33020226","E01009325","E02001889",2011,754,409,28,43,67,207
"E33020226","E01009343","E02001889",2011,754,409,28,43,67,207
"E33020226","E01009342","E02001889",2011,754,409,28,43,67,207
"E33020227","E01009343","E02001889",2011,355,208,9,13,33,92
"E33020227","E01009342","E02001889",2011,355,208,9,13,33,92
"E33020228","E01008990","E02001890",2011,1037,912,5,20,28,72
"E33020228","E01008991","E02001890",2011,1037,912,5,20,28,72
"E33020228","E01008988","E02001890",2011,1037,912,5,20,28,72
"E33020229","E01008989","E02001890",2011,405,307,13,15,29,41
"E33020229","E01008991","E02001890",2011,405,307,13,15,29,41
"E33020230","E01008990","E02001890",2011,1281,1135,6,19,40,81
"E33020231","E01008987","E02001890",2011,411,300,11,21,31,48
"E33020231","E01008988","E02001890",2011,411,300,11,21,31,48
"E33020232","E01008988","E02001890",2011,411,314,9,12,29,47
"E33020232","E01008986","E02001890",2011,411,314,9,12,29,47
"E33020233","E01008987","E02001890",2011,252,205,2,3,10,32
"E33020234","E01008989","E02001890",2011,335,197,14,17,45,62
"E33020234","E01008986","E02001890",2011,335,197,14,17,45,62
"E33020235","E01009326","E02001892",2011,578,391,4,18,31,134
"E33020235","E01008898","E02001892",2011,578,391,4,18,31,134
"E33020236","E01009513","E02001892",2011,294,244,2,3,8,37
"E33020237","E01008896","E02001892",2011,323,237,4,9,24,49
"E33020237","E01009513","E02001892",2011,323,237,4,9,24,49
"E33020237","E01009341","E02001892",2011,323,237,4,9,24,49
"E33020238","E01008882","E02001892",2011,379,271,5,17,20,66
"E33020238","E01008898","E02001892",2011,379,271,5,17,20,66
"E33020239","E01009515","E02001893",2011,253,204,2,2,15,30
"E33020239","E01009518","E02001893",2011,253,204,2,2,15,30
"E33020240","E01008881","E02001893",2011,399,305,1,15,27,51
"E33020240","E01008897","E02001893",2011,399,305,1,15,27,51
"E33020241","E01008881","E02001893",2011,315,260,0,13,13,29
"E33020242","E01009521","E02001893",2011,535,460,4,5,18,48
"E33020242","E01009518","E02001893",2011,535,460,4,5,18,48
"E33020243","E01009323","E02001895",2011,352,299,4,4,13,32
"E33020243","E01009322","E02001895",2011,352,299,4,4,13,32
"E33020243","E01009321","E02001895",2011,352,299,4,4,13,32
"E33020244","E01009302","E02001895",2011,378,320,9,3,23,23
"E33020245","E01009314","E02001895",2011,556,444,3,4,36,69
"E33020245","E01009323","E02001895",2011,556,444,3,4,36,69
"E33020245","E01009322","E02001895",2011,556,444,3,4,36,69
"E33020246","E01009338","E02001896",2011,416,242,7,13,25,129
"E33020246","E01009337","E02001896",2011,416,242,7,13,25,129
"E33020247","E01009380","E02001896",2011,330,106,24,42,73,85
"E33020248","E01009334","E02001896",2011,466,273,3,22,32,136
"E33020248","E01009337","E02001896",2011,466,273,3,22,32,136
"E33020248","E01009329","E02001896",2011,466,273,3,22,32,136
"E33020249","E01009362","E02001897",2011,376,268,4,9,28,67
"E33020250","E01009365","E02001897",2011,638,431,9,24,54,120
"E33020250","E01009364","E02001897",2011,638,431,9,24,54,120
"E33020251","E01009365","E02001897",2011,475,337,5,15,44,74
"E33020252","E01009363","E02001897",2011,472,307,12,16,34,103
"E33020253","E01009379","E02001897",2011,220,124,3,7,21,65
"E33020254","E01009363","E02001897",2011,227,133,14,23,17,40
"E33020254","E01009379","E02001897",2011,227,133,14,23,17,40
"E33020255","E01009362","E02001897",2011,500,318,9,16,42,115
"E33020255","E01009364","E02001897",2011,500,318,9,16,42,115
"E33020256","E01009312","E02001898",2011,333,317,1,1,3,11
"E33020256","E01009324","E02001898",2011,333,317,1,1,3,11
"E33020257","E01009312","E02001898",2011,386,344,3,2,7,30
"E33020257","E01009520","E02001898",2011,386,344,3,2,7,30
"E33020257","E01009519","E02001898",2011,386,344,3,2,7,30
"E33020258","E01009260","E02001899",2011,499,413,2,11,22,51
"E33020258","E01009252","E02001899",2011,499,413,2,11,22,51
"E33020259","E01009066","E02001899",2011,599,505,4,11,20,59
"E33020260","E01009260","E02001899",2011,696,590,4,12,16,74
"E33020260","E01009252","E02001899",2011,696,590,4,12,16,74
"E33020261","E01009261","E02001899",2011,281,236,0,5,9,31
"E33020262","E01009252","E02001899",2011,619,522,1,6,16,74
"E33020262","E01009070","E02001899",2011,619,522,1,6,16,74
"E33020263","E01008994","E02001900",2011,431,349,7,11,18,46
"E33020263","E01008997","E02001900",2011,431,349,7,11,18,46
"E33020264","E01008994","E02001900",2011,671,547,13,15,35,61
"E33020265","E01008996","E02001900",2011,404,276,13,11,20,84
"E33020265","E01008984","E02001900",2011,404,276,13,11,20,84
"E33020266","E01009072","E02001901",2011,401,343,1,6,12,39
"E33020267","E01009068","E02001901",2011,414,365,2,5,12,30
"E33020267","E01009067","E02001901",2011,414,365,2,5,12,30
"E33020268","E01009065","E02001901",2011,415,399,3,1,0,12
"E33020268","E01009067","E02001901",2011,415,399,3,1,0,12
"E33020268","E01009069","E02001901",2011,415,399,3,1,0,12
"E33020269","E01009069","E02001901",2011,316,269,6,1,10,30
"E33020270","E01009068","E02001901",2011,597,526,12,8,19,32
"E33020270","E01009069","E02001901",2011,597,526,12,8,19,32
"E33020271","E01009065","E02001901",2011,284,234,4,5,8,33
"E33020272","E01009068","E02001901",2011,382,309,1,4,7,61
"E33020273","E01008886","E02001902",2011,521,434,14,18,18,37
"E33020273","E01008885","E02001902",2011,521,434,14,18,18,37
"E33020273","E01008888","E02001902",2011,521,434,14,18,18,37
"E33020274","E01008886","E02001902",2011,283,239,3,4,12,25
"E33020274","E01008885","E02001902",2011,283,239,3,4,12,25
"E33020275","E01009313","E02001902",2011,332,300,2,2,1,27
"E33020276","E01009368","E02001903",2011,397,246,8,12,21,110
"E33020276","E01009371","E02001903",2011,397,246,8,12,21,110
"E33020277","E01009368","E02001903",2011,297,171,10,14,19,83
"E33020277","E01033650","E02001903",2011,297,171,10,14,19,83
"E33020278","E01033650","E02001903",2011,413,272,5,22,33,81
"E33020279","E01009397","E02001903",2011,551,286,14,25,33,193
"E33020280","E01009371","E02001903",2011,277,173,3,7,13,81
"E33020281","E01008883","E02001904",2011,281,172,17,8,17,67
"E33020281","E01008884","E02001904",2011,281,172,17,8,17,67
"E33020282","E01008884","E02001904",2011,328,274,3,5,10,36
"E33020283","E01008889","E02001904",2011,407,336,12,6,11,42
"E33020284","E01008883","E02001904",2011,622,397,26,47,68,84
"E33020284","E01008887","E02001904",2011,622,397,26,47,68,84
"E33020285","E01008887","E02001904",2011,369,314,1,6,16,32
"E33020286","E01008992","E02001905",2011,444,381,7,8,8,40
"E33020287","E01009283","E02001905",2011,305,229,6,7,14,49
"E33020288","E01008992","E02001905",2011,436,352,3,8,22,51
"E33020288","E01033631","E02001905",2011,436,352,3,8,22,51
"E33020289","E01033631","E02001905",2011,697,590,10,13,26,58
"E33020290","E01008982","E02001905",2011,1031,817,21,17,64,112
"E33020291","E01009249","E02001906",2011,263,212,1,9,13,28
"E33020291","E01009251","E02001906",2011,263,212,1,9,13,28
"E33020292","E01009250","E02001906",2011,305,280,2,6,2,15
"E33020293","E01009249","E02001906",2011,282,224,2,7,9,40
"E33020293","E01009257","E02001906",2011,282,224,2,7,9,40
"E33020294","E01009253","E02001906",2011,423,315,28,24,26,30
"E33020294","E01009250","E02001906",2011,423,315,28,24,26,30
"E33020295","E01009253","E02001906",2011,364,335,0,1,14,14
"E33020295","E01009251","E02001906",2011,364,335,0,1,14,14
"E33020296","E01009255","E02001906",2011,288,245,2,7,8,26
"E33020296","E01009257","E02001906",2011,288,245,2,7,8,26
"E33020297","E01009315","E02001907",2011,645,553,0,9,15,68
"E33020297","E01009317","E02001907",2011,645,553,0,9,15,68
"E33020297","E01009318","E02001907",2011,645,553,0,9,15,68
"E33020298","E01009316","E02001907",2011,575,498,5,12,18,42
"E33020298","E01009315","E02001907",2011,575,498,5,12,18,42
"E33020299","E01009319","E02001907",2011,393,352,0,7,11,23
"E33020299","E01009320","E02001907",2011,393,352,0,7,11,23
"E33020299","E01009315","E02001907",2011,393,352,0,7,11,23
"E33020300","E01009319","E02001907",2011,359,332,2,1,5,19
"E33020300","E01009320","E02001907",2011,359,332,2,1,5,19
"E33020300","E01009318","E02001907",2011,359,332,2,1,5,19
"E33020301","E01033643","E02001908",2011,368,206,10,14,35,103
"E33020302","E01009373","E02001908",2011,431,199,20,30,35,147
"E33020302","E01009372","E02001908",2011,431,199,20,30,35,147
"E33020302","E01033643","E02001908",2011,431,199,20,30,35,147
"E33020303","E01009396","E02001908",2011,229,118,6,16,16,73
"E33020304","E01009396","E02001908",2011,444,204,13,16,47,164
"E33020305","E01009383","E02001909",2011,474,276,11,18,32,137
"E33020305","E01009399","E02001909",2011,474,276,11,18,32,137
"E33020306","E01009377","E02001909",2011,310,197,9,17,22,65
"E33020306","E01009375","E02001909",2011,310,197,9,17,22,65
"E33020307","E01009367","E02001909",2011,386,218,9,19,28,112
"E33020307","E01009375","E02001909",2011,386,218,9,19,28,112
"E33020308","E01009377","E02001909",2011,456,277,7,18,26,128
"E33020308","E01009375","E02001909",2011,456,277,7,18,26,128
"E33020309","E01033648","E02001910",2011,528,236,20,24,48,200
"E33020309","E01009376","E02001910",2011,528,236,20,24,48,200
"E33020310","E01009374","E02001910",2011,575,371,7,21,34,142
"E33020310","E01009366","E02001910",2011,575,371,7,21,34,142
"E33020310","E01009376","E02001910",2011,575,371,7,21,34,142
"E33020311","E01009376","E02001910",2011,262,188,2,6,18,48
"E33020312","E01009254","E02001911",2011,294,266,0,0,9,19
"E33020312","E01009256","E02001911",2011,294,266,0,0,9,19
"E33020313","E01009256","E02001911",2011,318,270,1,4,10,33
"E33020313","E01009254","E02001911",2011,318,270,1,4,10,33
"E33020313","E01009258","E02001911",2011,318,270,1,4,10,33
"E33020314","E01009073","E02001911",2011,371,287,1,10,34,39
"E33020314","E01009074","E02001911",2011,371,287,1,10,34,39
"E33020314","E01009258","E02001911",2011,371,287,1,10,34,39
"E33020315","E01033562","E02001913",2011,351,265,9,12,15,50
"E33020315","E01009078","E02001913",2011,351,265,9,12,15,50
"E33020316","E01009071","E02001913",2011,331,270,5,10,14,32
"E33020317","E01033562","E02001913",2011,287,223,9,11,16,28
"E33020317","E01009071","E02001913",2011,287,223,9,11,16,28
"E33020317","E01009075","E02001913",2011,287,223,9,11,16,28
"E33020318","E01009186","E02001914",2011,259,191,8,5,11,44
"E33020318","E01009183","E02001914",2011,259,191,8,5,11,44
"E33020319","E01033645","E02001914",2011,495,355,11,15,38,76
"E33020319","E01009183","E02001914",2011,495,355,11,15,38,76
"E33020320","E01009183","E02001914",2011,282,243,5,4,5,25
"E33020320","E01009186","E02001914",2011,282,243,5,4,5,25
"E33020321","E01033645","E02001914",2011,434,258,13,17,27,119
"E33020322","E01008893","E02001915",2011,387,329,6,11,5,36
"E33020322","E01008894","E02001915",2011,387,329,6,11,5,36
"E33020323","E01008890","E02001915",2011,314,233,9,7,10,55
"E33020323","E01008892","E02001915",2011,314,233,9,7,10,55
"E33020324","E01008892","E02001915",2011,428,354,5,10,17,42
"E33020324","E01008890","E02001915",2011,428,354,5,10,17,42
"E33020324","E01008893","E02001915",2011,428,354,5,10,17,42
"E33020325","E01008891","E02001915",2011,381,338,1,7,6,29
"E33020325","E01008895","E02001915",2011,381,338,1,7,6,29
"E33020326","E01008891","E02001915",2011,310,274,5,4,6,21
"E33020326","E01008893","E02001915",2011,310,274,5,4,6,21
"E33020326","E01008890","E02001915",2011,310,274,5,4,6,21
"E33020327","E01008894","E02001915",2011,751,623,3,16,28,81
"E33020327","E01009015","E02001915",2011,751,623,3,16,28,81
"E33020328","E01008894","E02001915",2011,382,241,2,7,26,106
"E33020328","E01008895","E02001915",2011,382,241,2,7,26,106
"E33020328","E01009015","E02001915",2011,382,241,2,7,26,106
"E33020329","E01008894","E02001915",2011,539,451,1,17,17,53
"E33020330","E01009029","E02001916",2011,452,352,12,13,15,60
"E33020330","E01009018","E02001916",2011,452,352,12,13,15,60
"E33020331","E01009014","E02001916",2011,512,400,2,10,16,84
"E33020332","E01009018","E02001916",2011,244,183,2,2,10,47
"E33020333","E01009026","E02001916",2011,343,248,9,13,20,53
"E33020333","E01009028","E02001916",2011,343,248,9,13,20,53
"E33020334","E01009028","E02001916",2011,540,375,6,13,63,83
"E33020334","E01009029","E02001916",2011,540,375,6,13,63,83
"E33020335","E01009385","E02001918",2011,231,178,6,5,11,31
"E33020336","E01009182","E02001918",2011,429,334,6,19,14,56
"E33020336","E01009184","E02001918",2011,429,334,6,19,14,56
"E33020337","E01009187","E02001918",2011,293,246,5,2,9,31
"E33020337","E01009188","E02001918",2011,293,246,5,2,9,31
"E33020338","E01009384","E02001918",2011,266,205,3,5,20,33
"E33020339","E01009182","E02001918",2011,264,182,12,12,14,44
"E33020340","E01009384","E02001918",2011,420,333,7,9,23,48
"E33020340","E01009385","E02001918",2011,420,333,7,9,23,48
"E33020341","E01009188","E02001918",2011,490,381,0,10,21,78
"E33020341","E01009184","E02001918",2011,490,381,0,10,21,78
"E33020341","E01009187","E02001918",2011,490,381,0,10,21,78
"E33020342","E01009184","E02001918",2011,234,191,2,4,11,26
"E33020342","E01009187","E02001918",2011,234,191,2,4,11,26
"E33020343","E01009389","E02001919",2011,341,222,3,7,17,92
"E33020343","E01009394","E02001919",2011,341,222,3,7,17,92
"E33020343","E01009390","E02001919",2011,341,222,3,7,17,92
"E33020343","E01009185","E02001919",2011,341,222,3,7,17,92
"E33020344","E01009185","E02001919",2011,466,381,4,6,18,57
"E33020344","E01009390","E02001919",2011,466,381,4,6,18,57
"E33020345","E01008920","E02001920",2011,346,317,0,3,7,19
"E33020345","E01008918","E02001920",2011,346,317,0,3,7,19
"E33020346","E01008920","E02001920",2011,823,714,6,24,40,39
"E33020346","E01008931","E02001920",2011,823,714,6,24,40,39
"E33020346","E01008918","E02001920",2011,823,714,6,24,40,39
"E33020347","E01008921","E02001920",2011,465,427,2,6,11,19
"E33020348","E01009259","E02001920",2011,277,221,6,7,17,26
"E33020348","E01008918","E02001920",2011,277,221,6,7,17,26
"E33020348","E01008931","E02001920",2011,277,221,6,7,17,26
"E33020349","E01009259","E02001920",2011,1030,941,1,8,21,59
"E33020350","E01009500","E02001921",2011,240,210,0,4,10,16
"E33020350","E01009064","E02001921",2011,240,210,0,4,10,16
"E33020351","E01008919","E02001921",2011,435,380,0,4,18,33
"E33020352","E01009077","E02001921",2011,409,315,12,12,22,48
"E33020352","E01009064","E02001921",2011,409,315,12,12,22,48
"E33020352","E01009291","E02001921",2011,409,315,12,12,22,48
"E33020353","E01009290","E02001922",2011,395,342,11,4,9,29
"E33020353","E01009286","E02001922",2011,395,342,11,4,9,29
"E33020354","E01033634","E02001922",2011,359,295,4,16,11,33
"E33020354","E01009286","E02001922",2011,359,295,4,16,11,33
"E33020355","E01009289","E02001922",2011,256,188,9,7,19,33
"E33020355","E01033634","E02001922",2011,256,188,9,7,19,33
"E33020356","E01009284","E02001922",2011,729,615,5,16,37,56
"E33020356","E01009290","E02001922",2011,729,615,5,16,37,56
"E33020356","E01009289","E02001922",2011,729,615,5,16,37,56
"E33020357","E01009284","E02001922",2011,876,764,8,16,26,62
"E33020358","E01033634","E02001922",2011,326,271,6,3,18,28
"E33020358","E01009289","E02001922",2011,326,271,6,3,18,28
"E33020359","E01009044","E02001923",2011,296,163,15,24,23,71
"E33020359","E01009045","E02001923",2011,296,163,15,24,23,71
"E33020360","E01009017","E02001923",2011,434,269,2,12,26,125
"E33020360","E01009043","E02001923",2011,434,269,2,12,26,125
"E33020361","E01009045","E02001923",2011,593,446,10,12,28,97
"E33020361","E01009043","E02001923",2011,593,446,10,12,28,97
"E33020362","E01009046","E02001923",2011,570,471,5,6,13,75
"E33020362","E01009045","E02001923",2011,570,471,5,6,13,75
"E33020362","E01009043","E02001923",2011,570,471,5,6,13,75
"E33020363","E01009395","E02001923",2011,501,341,5,13,22,120
"E33020363","E01009045","E02001923",2011,501,341,5,13,22,120
"E33020364","E01009046","E02001923",2011,395,325,4,5,9,52
"E33020365","E01009022","E02001924",2011,412,314,3,5,14,76
"E33020365","E01009030","E02001924",2011,412,314,3,5,14,76
"E33020365","E01009023","E02001924",2011,412,314,3,5,14,76
"E33020366","E01009016","E02001924",2011,274,223,2,5,14,30
"E33020366","E01009022","E02001924",2011,274,223,2,5,14,30
"E33020367","E01009016","E02001924",2011,262,229,4,7,4,18
"E33020368","E01009022","E02001924",2011,430,347,1,8,12,62
"E33020368","E01009023","E02001924",2011,430,347,1,8,12,62
"E33020369","E01009294","E02001925",2011,347,291,9,6,13,28
"E33020369","E01009295","E02001925",2011,347,291,9,6,13,28
"E33020369","E01009292","E02001925",2011,347,291,9,6,13,28
"E33020370","E01009281","E02001925",2011,482,400,5,13,17,47
"E33020371","E01009294","E02001925",2011,315,283,0,1,7,24
"E33020372","E01009295","E02001925",2011,270,206,3,8,20,33
"E33020373","E01009280","E02001926",2011,573,495,1,4,12,61
"E33020373","E01009282","E02001926",2011,573,495,1,4,12,61
"E33020374","E01009293","E02001926",2011,282,226,6,7,11,32
"E33020374","E01009282","E02001926",2011,282,226,6,7,11,32
"E33020375","E01009288","E02001926",2011,352,239,5,16,24,68
"E33020376","E01009288","E02001926",2011,431,331,8,18,28,46
"E33020376","E01009296","E02001926",2011,431,331,8,18,28,46
"E33020377","E01009282","E02001926",2011,456,361,5,16,36,38
"E33020378","E01009505","E02001927",2011,419,373,3,4,10,29
"E33020378","E01009501","E02001927",2011,419,373,3,4,10,29
"E33020379","E01009501","E02001927",2011,365,334,1,5,3,22
"E33020379","E01009502","E02001927",2011,365,334,1,5,3,22
"E33020380","E01009501","E02001927",2011,311,281,3,2,6,19
"E33020380","E01009503","E02001927",2011,311,281,3,2,6,19
"E33020380","E01009502","E02001927",2011,311,281,3,2,6,19
"E33020381","E01009502","E02001927",2011,328,274,3,10,20,21
"E33020381","E01008924","E02001927",2011,328,274,3,10,20,21
"E33020382","E01008923","E02001928",2011,279,249,1,5,4,20
"E33020382","E01008928","E02001928",2011,279,249,1,5,4,20
"E33020383","E01008917","E02001928",2011,809,718,10,8,23,50
"E33020383","E01008923","E02001928",2011,809,718,10,8,23,50
"E33020383","E01008925","E02001928",2011,809,718,10,8,23,50
"E33020383","E01008927","E02001928",2011,809,718,10,8,23,50
"E33020384","E01009024","E02001929",2011,506,394,1,11,22,78
"E33020384","E01009025","E02001929",2011,506,394,1,11,22,78
"E33020384","E01009019","E02001929",2011,506,394,1,11,22,78
"E33020384","E01009033","E02001929",2011,506,394,1,11,22,78
"E33020385","E01009021","E02001929",2011,366,307,1,7,15,36
"E33020385","E01009019","E02001929",2011,366,307,1,7,15,36
"E33020385","E01009020","E02001929",2011,366,307,1,7,15,36
"E33020385","E01009025","E02001929",2011,366,307,1,7,15,36
"E33020386","E01009179","E02001930",2011,572,488,0,6,7,71
"E33020387","E01009189","E02001930",2011,301,258,2,3,10,28
"E33020387","E01009175","E02001930",2011,301,258,2,3,10,28
"E33020388","E01009178","E02001930",2011,481,386,8,7,16,64
"E33020388","E01009177","E02001930",2011,481,386,8,7,16,64
"E33020389","E01009175","E02001930",2011,801,702,2,12,12,73
"E33020390","E01009176","E02001931",2011,261,207,2,3,8,41
"E33020391","E01009031","E02001931",2011,407,316,1,8,12,70
"E33020392","E01009037","E02001931",2011,266,227,1,3,6,29
"E33020393","E01008933","E02001931",2011,352,267,2,4,11,68
"E33020393","E01008934","E02001931",2011,352,267,2,4,11,68
"E33020394","E01008929","E02001932",2011,416,375,5,5,4,27
"E33020394","E01008930","E02001932",2011,416,375,5,5,4,27
"E33020394","E01033629","E02001932",2011,416,375,5,5,4,27
"E33020395","E01033629","E02001932",2011,716,635,3,12,12,54
"E33020396","E01009495","E02001932",2011,333,303,0,4,7,19
"E33020396","E01008929","E02001932",2011,333,303,0,4,7,19
"E33020397","E01008966","E02001933",2011,333,264,10,9,10,40
"E33020397","E01008953","E02001933",2011,333,264,10,9,10,40
"E33020398","E01008964","E02001933",2011,366,322,1,7,10,26
"E33020398","E01008963","E02001933",2011,366,322,1,7,10,26
"E33020399","E01008963","E02001933",2011,439,344,6,9,32,48
"E33020399","E01008965","E02001933",2011,439,344,6,9,32,48
"E33020399","E01008964","E02001933",2011,439,344,6,9,32,48
"E33020400","E01008953","E02001933",2011,737,603,1,12,25,96
"E33020400","E01008965","E02001933",2011,737,603,1,12,25,96
"E33020401","E01009035","E02001934",2011,904,722,13,22,31,116
"E33020401","E01009032","E02001934",2011,904,722,13,22,31,116
"E33020402","E01009034","E02001934",2011,629,476,6,11,14,122
"E33020402","E01009036","E02001934",2011,629,476,6,11,14,122
"E33020403","E01009506","E02001935",2011,328,274,3,5,13,33
"E33020403","E01009494","E02001935",2011,328,274,3,5,13,33
"E33020403","E01009496","E02001935",2011,328,274,3,5,13,33
"E33020404","E01009496","E02001935",2011,414,370,5,1,9,29
"E33020404","E01009497","E02001935",2011,414,370,5,1,9,29
"E33020405","E01009504","E02001935",2011,255,215,1,8,9,22
"E33020406","E01009497","E02001935",2011,577,520,0,5,15,37
"E33020407","E01008967","E02001936",2011,345,306,1,2,4,32
"E33020407","E01008970","E02001936",2011,345,306,1,2,4,32
"E33020408","E01008981","E02001936",2011,422,354,4,14,14,36
"E33020408","E01008967","E02001936",2011,422,354,4,14,14,36
"E33020409","E01008981","E02001936",2011,363,314,1,7,2,39
"E33020409","E01008967","E02001936",2011,363,314,1,7,2,39
"E33020409","E01008968","E02001936",2011,363,314,1,7,2,39
"E33020410","E01008968","E02001936",2011,394,333,3,6,10,42
"E33020411","E01008935","E02001937",2011,330,276,2,3,16,33
"E33020411","E01008939","E02001937",2011,330,276,2,3,16,33
"E33020411","E01008938","E02001937",2011,330,276,2,3,16,33
"E33020412","E01008932","E02001937",2011,496,423,3,7,17,46
"E33020412","E01008935","E02001937",2011,496,423,3,7,17,46
"E33020413","E01008935","E02001937",2011,518,415,2,15,11,75
"E33020413","E01008936","E02001937",2011,518,415,2,15,11,75
"E33020414","E01008952","E02001938",2011,500,437,5,5,8,45
"E33020414","E01008955","E02001938",2011,500,437,5,5,8,45
"E33020415","E01008956","E02001938",2011,392,350,3,6,10,23
"E33020416","E01008957","E02001938",2011,398,352,1,6,11,28
"E33020417","E01008956","E02001938",2011,289,252,4,4,6,23
"E33020417","E01008955","E02001938",2011,289,252,4,4,6,23
"E33020417","E01008951","E02001938",2011,289,252,4,4,6,23
"E33020418","E01008957","E02001938",2011,230,161,1,2,15,51
"E33020419","E01008952","E02001938",2011,359,315,5,9,7,23
"E33020419","E01008955","E02001938",2011,359,315,5,9,7,23
"E33020420","E01008951","E02001938",2011,278,248,0,4,5,21
"E33020421","E01008952","E02001938",2011,418,338,0,7,24,49
"E33020422","E01008954","E02001939",2011,1546,1309,12,19,71,135
"E33020422","E01008958","E02001939",2011,1546,1309,12,19,71,135
"E33020422","E01009493","E02001939",2011,1546,1309,12,19,71,135
"E33020423","E01009493","E02001939",2011,594,527,3,8,15,41
"E33020423","E01008950","E02001939",2011,594,527,3,8,15,41
"E33020423","E01008954","E02001939",2011,594,527,3,8,15,41
"E33020424","E01008937","E02001941",2011,328,283,0,1,8,36
"E33020424","E01008940","E02001941",2011,328,283,0,1,8,36
"E33020424","E01008944","E02001941",2011,328,283,0,1,8,36
"E33020425","E01008937","E02001941",2011,572,482,5,4,15,66
"E33020425","E01008941","E02001941",2011,572,482,5,4,15,66
"E33020425","E01008940","E02001941",2011,572,482,5,4,15,66
"E33020426","E01008960","E02001942",2011,307,281,0,0,5,21
"E33020426","E01008959","E02001942",2011,307,281,0,0,5,21
"E33020427","E01008961","E02001942",2011,424,360,4,9,13,38
"E33020427","E01008962","E02001942",2011,424,360,4,9,13,38
"E33020427","E01008959","E02001942",2011,424,360,4,9,13,38
"E33020428","E01008961","E02001942",2011,440,380,6,10,12,32
"E33020428","E01008960","E02001942",2011,440,380,6,10,12,32
"E33020429","E01008942","E02001943",2011,381,347,0,5,5,24
"E33020429","E01008943","E02001943",2011,381,347,0,5,5,24
"E33020430","E01008969","E02001943",2011,523,468,3,7,16,29
"E33020430","E01008943","E02001943",2011,523,468,3,7,16,29
"E33020431","E01008971","E02001943",2011,351,317,2,1,3,28
"E33020432","E01008973","E02001944",2011,900,793,5,10,23,69
"E33020432","E01008975","E02001944",2011,900,793,5,10,23,69
"E33020432","E01008972","E02001944",2011,900,793,5,10,23,69
"E33020433","E01008974","E02001944",2011,327,275,4,1,6,41
"E33020433","E01008973","E02001944",2011,327,275,4,1,6,41
"E33020433","E01008972","E02001944",2011,327,275,4,1,6,41
"E33020434","E01008974","E02001944",2011,346,307,0,0,16,23
"E33020434","E01008973","E02001944",2011,346,307,0,0,16,23
"E33020435","E01009498","E02001945",2011,720,622,5,13,26,54
"E33020435","E01009499","E02001945",2011,720,622,5,13,26,54
"E33020435","E01009172","E02001945",2011,720,622,5,13,26,54
"E33020436","E01009172","E02001945",2011,367,320,6,2,12,27
"E33020436","E01009173","E02001945",2011,367,320,6,2,12,27
"E33020436","E01009174","E02001945",2011,367,320,6,2,12,27
"E33020437","E01009205","E02001946",2011,223,205,1,0,1,16
"E33020438","E01009205","E02001946",2011,331,299,3,2,4,23
"E33020438","E01009211","E02001946",2011,331,299,3,2,4,23
"E33020439","E01009218","E02001946",2011,450,400,2,3,7,38
"E33020440","E01009206","E02001946",2011,521,458,4,5,10,44
"E33020440","E01009219","E02001946",2011,521,458,4,5,10,44
"E33020441","E01008976","E02001947",2011,256,215,1,6,9,25
"E33020441","E01008978","E02001947",2011,256,215,1,6,9,25
"E33020442","E01008980","E02001947",2011,656,596,3,10,12,35
"E33020442","E01008978","E02001947",2011,656,596,3,10,12,35
"E33020443","E01008980","E02001947",2011,283,252,0,5,5,21
"E33020443","E01008979","E02001947",2011,283,252,0,5,5,21
"E33020444","E01008945","E02001948",2011,683,536,6,23,44,74
"E33020445","E01008945","E02001948",2011,345,313,2,3,4,23
"E33020445","E01008946","E02001948",2011,345,313,2,3,4,23
"E33020445","E01008947","E02001948",2011,345,313,2,3,4,23
"E33020445","E01008949","E02001948",2011,345,313,2,3,4,23
"E33020446","E01008947","E02001948",2011,329,295,0,2,6,26
"E33020446","E01008948","E02001948",2011,329,295,0,2,6,26
"E33020447","E01008948","E02001948",2011,466,440,0,3,5,18
"E33020447","E01008949","E02001948",2011,466,440,0,3,5,18
"E33020448","E01008977","E02001949",2011,307,287,0,2,6,12
"E33020448","E01009120","E02001949",2011,307,287,0,2,6,12
"E33020449","E01009119","E02001949",2011,556,512,4,3,13,24
"E33020450","E01009120","E02001949",2011,354,292,3,7,22,30
"E33020450","E01009109","E02001949",2011,354,292,3,7,22,30
"E33020451","E01009209","E02001950",2011,510,472,1,5,10,22
"E33020451","E01009207","E02001950",2011,510,472,1,5,10,22
"E33020452","E01009208","E02001950",2011,367,342,1,3,7,14
"E33020452","E01009162","E02001950",2011,367,342,1,3,7,14
"E33020453","E01009208","E02001950",2011,423,388,2,3,9,21
"E33020453","E01009209","E02001950",2011,423,388,2,3,9,21
"E33020454","E01009213","E02001950",2011,602,548,7,6,4,37
"E33020454","E01009162","E02001950",2011,602,548,7,6,4,37
"E33020455","E01009209","E02001950",2011,390,360,1,2,8,19
"E33020455","E01009213","E02001950",2011,390,360,1,2,8,19
"E33020456","E01033633","E02001951",2011,390,342,7,6,12,23
"E33020456","E01009160","E02001951",2011,390,342,7,6,12,23
"E33020456","E01009161","E02001951",2011,390,342,7,6,12,23
"E33020457","E01033633","E02001951",2011,282,258,1,6,11,6
"E33020457","E01009157","E02001951",2011,282,258,1,6,11,6
"E33020458","E01033633","E02001951",2011,461,414,2,7,8,30
"E33020458","E01009161","E02001951",2011,461,414,2,7,8,30
"E33020458","E01009155","E02001951",2011,461,414,2,7,8,30
"E33020459","E01009215","E02001952",2011,286,261,0,4,2,19
"E33020460","E01009210","E02001952",2011,305,273,1,3,6,22
"E33020460","E01009214","E02001952",2011,305,273,1,3,6,22
"E33020461","E01009212","E02001952",2011,279,263,0,1,4,11
"E33020461","E01009215","E02001952",2011,279,263,0,1,4,11
"E33020462","E01009117","E02001952",2011,546,496,1,5,13,31
"E33020462","E01009214","E02001952",2011,546,496,1,5,13,31
"E33020463","E01009116","E02001953",2011,396,357,1,5,3,30
"E33020463","E01009118","E02001953",2011,396,357,1,5,3,30
"E33020464","E01009108","E02001953",2011,329,300,0,3,9,17
"E33020464","E01009111","E02001953",2011,329,300,0,3,9,17
"E33020464","E01009118","E02001953",2011,329,300,0,3,9,17
"E33020465","E01009112","E02001953",2011,906,777,2,11,39,77
"E33020465","E01009111","E02001953",2011,906,777,2,11,39,77
"E33020466","E01009114","E02001954",2011,552,499,1,3,11,38
"E33020466","E01009113","E02001954",2011,552,499,1,3,11,38
"E33020466","E01009115","E02001954",2011,552,499,1,3,11,38
"E33020467","E01009110","E02001954",2011,488,416,2,6,16,48
"E33020467","E01009107","E02001954",2011,488,416,2,6,16,48
"E33020468","E01009163","E02001955",2011,502,459,7,10,9,17
"E33020469","E01009165","E02001955",2011,690,636,0,1,8,45
"E33020469","E01009169","E02001955",2011,690,636,0,1,8,45
"E33020470","E01009158","E02001955",2011,577,501,6,10,22,38
"E33020471","E01009159","E02001956",2011,548,465,0,8,23,52
"E33020472","E01009171","E02001956",2011,502,457,0,4,5,36
"E33020472","E01009164","E02001956",2011,502,457,0,4,5,36
"E33020472","E01009167","E02001956",2011,502,457,0,4,5,36
"E33020473","E01009216","E02001957",2011,477,436,2,3,14,22
"E33020473","E01009168","E02001957",2011,477,436,2,3,14,22
"E33020473","E01009166","E02001957",2011,477,436,2,3,14,22
"E33020473","E01009170","E02001957",2011,477,436,2,3,14,22
"E33020474","E01009217","E02001957",2011,565,519,3,9,11,23
"E33020474","E01009216","E02001957",2011,565,519,3,9,11,23
"E33023213","E01009039","E02006807",2011,648,539,9,9,18,73
"E33023213","E01009041","E02006807",2011,648,539,9,9,18,73
"E33023213","E01032589","E02006807",2011,648,539,9,9,18,73
"E33023214","E01009040","E02006807",2011,494,405,3,6,12,68
"E33023214","E01009039","E02006807",2011,494,405,3,6,12,68
"E33023214","E01009042","E02006807",2011,494,405,3,6,12,68
"E33023218","E01009279","E02006809",2011,290,172,2,3,18,95
"E33023218","E01009267","E02006809",2011,290,172,2,3,18,95
"E33023218","E01032591","E02006809",2011,290,172,2,3,18,95
"E33023219","E01009278","E02006809",2011,685,539,4,17,26,99
"E33023219","E01009279","E02006809",2011,685,539,4,17,26,99
"E33023220","E01009267","E02006809",2011,268,167,4,10,12,75
"E33023220","E01009262","E02006809",2011,268,167,4,10,12,75
"E33023220","E01032591","E02006809",2011,268,167,4,10,12,75
"E33023221","E01009262","E02006809",2011,319,216,2,7,16,78
"E33023221","E01009278","E02006809",2011,319,216,2,7,16,78
"E33023222","E01009276","E02006809",2011,352,261,3,6,16,66
"E33023222","E01032591","E02006809",2011,352,261,3,6,16,66
"E33023236","E01033557","E02006895",2011,437,350,10,20,15,42
"E33023237","E01033557","E02006895",2011,844,615,47,67,54,61
"E33023238","E01033557","E02006895",2011,639,533,9,30,25,42
"E33023239","E01033640","E02006895",2011,640,542,4,9,29,56
"E33023240","E01033624","E02006895",2011,487,409,3,7,22,46
"E33023240","E01033640","E02006895",2011,487,409,3,7,22,46
"E33023240","E01008995","E02006895",2011,487,409,3,7,22,46
"E33023241","E01008995","E02006895",2011,359,270,5,13,25,46
"E33023242","E01033624","E02006895",2011,871,708,18,20,42,83
"E33023242","E01033626","E02006895",2011,871,708,18,20,42,83
"E33023243","E01033616","E02006896",2011,318,257,10,13,14,24
"E33023243","E01033615","E02006896",2011,318,257,10,13,14,24
"E33023244","E01033615","E02006896",2011,264,165,20,26,23,30
"E33023244","E01033616","E02006896",2011,264,165,20,26,23,30
"E33023245","E01033615","E02006896",2011,319,269,12,4,10,24
"E33023246","E01033615","E02006896",2011,734,408,99,99,69,59
"E33023246","E01033567","E02006896",2011,734,408,99,99,69,59
"E33023247","E01009378","E02006896",2011,227,194,1,3,8,21
"E33023248","E01009378","E02006896",2011,349,190,4,17,27,111
"E33023249","E01033615","E02006896",2011,501,399,11,19,33,39
"E33023249","E01033567","E02006896",2011,501,399,11,19,33,39
"E33023250","E01033616","E02006896",2011,376,279,14,19,19,45
"E33023250","E01033567","E02006896",2011,376,279,14,19,19,45
"E33023251","E01009378","E02006896",2011,306,187,14,18,38,49
"E33023252","E01033639","E02006897",2011,416,226,7,15,41,127
"E33023252","E01033564","E02006897",2011,416,226,7,15,41,127
"E33023253","E01009146","E02006897",2011,476,361,7,16,32,60
"E33023254","E01009143","E02006897",2011,452,324,11,13,28,76
"E33023254","E01033639","E02006897",2011,452,324,11,13,28,76
"E33023255","E01009141","E02006898",2011,477,348,2,9,25,93
"E33023256","E01009141","E02006898",2011,1106,903,10,26,51,116
"E33023256","E01033619","E02006898",2011,1106,903,10,26,51,116
"E33023257","E01033565","E02006898",2011,478,410,6,16,14,32
"E33023258","E01033565","E02006898",2011,417,332,14,15,24,32
"E33023259","E01009141","E02006898",2011,345,279,2,6,10,48
"E33023260","E01033619","E02006898",2011,462,387,2,15,18,40
"E33023261","E01033618","E02006898",2011,279,192,7,19,20,41
"E33023261","E01009141","E02006898",2011,279,192,7,19,20,41
"E33023262","E01033627","E02006898",2011,322,254,8,7,20,33
"E33023262","E01033619","E02006898",2011,322,254,8,7,20,33
"E33023263","E01033623","E02006899",2011,510,401,15,22,28,44
"E33023264","E01033623","E02006899",2011,474,414,5,3,14,38
"E33023264","E01033622","E02006899",2011,474,414,5,3,14,38
"E33023265","E01033622","E02006899",2011,247,207,5,7,9,19
"E33023266","E01009327","E02006900",2011,264,150,12,19,22,61
"E33023266","E01009331","E02006900",2011,264,150,12,19,22,61
"E33023267","E01009200","E02006900",2011,466,386,7,13,19,41
"E33023268","E01009328","E02006900",2011,311,139,13,26,41,92
"E33023268","E01009344","E02006900",2011,311,139,13,26,41,92
"E33023268","E01009333","E02006900",2011,311,139,13,26,41,92
"E33023269","E01009344","E02006900",2011,414,279,1,17,29,88
"E33023269","E01009332","E02006900",2011,414,279,1,17,29,88
"E33023270","E01009200","E02006900",2011,306,224,2,8,21,51
"E33023271","E01009328","E02006900",2011,371,204,6,13,20,128
"E33023271","E01009335","E02006900",2011,371,204,6,13,20,128
"E33023271","E01009327","E02006900",2011,371,204,6,13,20,128
"E33023271","E01009331","E02006900",2011,371,204,6,13,20,128
"E33023272","E01009335","E02006900",2011,614,437,11,20,34,112
"E33023273","E01009340","E02006901",2011,325,214,3,17,24,67
"E33023274","E01009393","E02006901",2011,385,199,18,23,36,109
"E33023275","E01009391","E02006901",2011,301,170,11,21,24,75
"E33023275","E01009393","E02006901",2011,301,170,11,21,24,75
"E33023275","E01033641","E02006901",2011,301,170,11,21,24,75
"E33023276","E01009339","E02006901",2011,378,244,3,20,27,84
"E33023277","E01009382","E02006901",2011,252,146,4,10,13,79
"E33023278","E01033641","E02006901",2011,304,169,5,21,36,73
"E33023279","E01009382","E02006901",2011,310,156,5,11,23,115
"E33023279","E01009392","E02006901",2011,310,156,5,11,23,115
"E33023279","E01009393","E02006901",2011,310,156,5,11,23,115
"E33023280","E01009391","E02006901",2011,284,112,12,20,38,102
