2021 super output area - lower layer,mnemonic,Total: All usual residents aged 16 years and over,%,No qualifications,%,Level 1 and entry level qualifications,%,Level 2 qualifications,%,Apprenticeship,%,Level 3 qualifications,%,Level 4 qualifications or above,% Level 4 qualifications or above  ,Other qualifications,%
Birmingham 001A,E01009417,1273,100,158,12.4,100,7.9,185,14.5,52,4.1,216,17,549,43.1,13,1
Birmingham 001B,E01009418,1239,100,178,14.4,116,9.4,197,15.9,58,4.7,198,16,470,37.9,22,1.8
Birmingham 001C,E01009419,1190,100,210,17.6,103,8.7,155,13,49,4.1,174,14.6,467,39.2,32,2.7
Birmingham 001D,E01009433,1482,100,184,12.4,107,7.2,182,12.3,56,3.8,222,15,678,45.7,53,3.6
Birmingham 002A,E01009415,1388,100,159,11.5,104,7.5,164,11.8,51,3.7,214,15.4,660,47.6,36,2.6
Birmingham 002B,E01009422,1648,100,212,12.9,124,7.5,224,13.6,68,4.1,257,15.6,719,43.6,44,2.7
Birmingham 002C,E01009423,1350,100,289,21.4,117,8.7,200,14.8,59,4.4,194,14.4,451,33.4,40,3
Birmingham 002D,E01009425,1471,100,263,17.9,124,8.4,196,13.3,70,4.8,194,13.2,586,39.8,38,2.6
Birmingham 003A,E01009416,2119,100,186,8.8,170,8,306,14.4,92,4.3,382,18,943,44.5,40,1.9
Birmingham 003B,E01009420,1272,100,161,12.7,93,7.3,172,13.5,63,5,184,14.5,571,44.9,28,2.2
Birmingham 003C,E01009426,1221,100,152,12.4,92,7.5,149,12.2,50,4.1,205,16.8,540,44.2,33,2.7
Birmingham 003D,E01009429,1195,100,127,10.6,81,6.8,153,12.8,51,4.3,172,14.4,581,48.6,30,2.5
Birmingham 003E,E01009431,1328,100,124,9.3,90,6.8,166,12.5,58,4.4,203,15.3,665,50.1,22,1.7
Birmingham 004A,E01009421,1441,100,171,11.9,87,6,161,11.2,53,3.7,222,15.4,719,49.9,28,1.9
Birmingham 004B,E01009424,1330,100,164,12.3,95,7.1,142,10.7,48,3.6,217,16.3,644,48.4,20,1.5
Birmingham 004C,E01009427,1279,100,143,11.2,95,7.4,154,12,46,3.6,181,14.2,628,49.1,32,2.5
Birmingham 004D,E01009428,1362,100,122,9,108,7.9,174,12.8,61,4.5,187,13.7,684,50.2,26,1.9
Birmingham 004E,E01009430,1449,100,150,10.4,113,7.8,154,10.6,45,3.1,218,15,742,51.2,27,1.9
Birmingham 004F,E01009468,1262,100,156,12.4,87,6.9,130,10.3,51,4,203,16.1,599,47.5,36,2.9
Birmingham 005A,E01009445,1379,100,320,23.2,168,12.2,223,16.2,64,4.6,246,17.8,331,24,27,2
Birmingham 005B,E01009446,1960,100,309,15.8,147,7.5,262,13.4,92,4.7,333,17,776,39.6,41,2.1
Birmingham 005C,E01009447,1266,100,221,17.5,143,11.3,173,13.7,73,5.8,236,18.6,388,30.6,32,2.5
Birmingham 005D,E01009448,1305,100,298,22.8,149,11.4,181,13.9,77,5.9,207,15.9,350,26.8,43,3.3
Birmingham 005E,E01009452,1356,100,245,18.1,140,10.3,199,14.7,64,4.7,234,17.3,444,32.7,30,2.2
Birmingham 005F,E01009455,1064,100,249,23.4,132,12.4,145,13.6,61,5.7,177,16.6,268,25.2,32,3
Birmingham 006A,E01009432,1206,100,200,16.6,110,9.1,148,12.3,62,5.1,181,15,480,39.8,25,2.1
Birmingham 006B,E01009435,1420,100,159,11.2,120,8.5,207,14.6,48,3.4,251,17.7,624,43.9,11,0.8
Birmingham 006C,E01009437,1513,100,260,17.2,118,7.8,187,12.4,73,4.8,220,14.5,615,40.6,40,2.6
Birmingham 006D,E01009444,1238,100,144,11.6,108,8.7,148,12,72,5.8,187,15.1,554,44.7,25,2
Birmingham 006E,E01009454,1209,100,163,13.5,113,9.3,161,13.3,58,4.8,192,15.9,489,40.4,33,2.7
Birmingham 007A,E01009221,1220,100,277,22.7,148,12.1,189,15.5,78,6.4,236,19.3,267,21.9,25,2
Birmingham 007B,E01009464,1173,100,167,14.2,97,8.3,164,14,76,6.5,240,20.5,404,34.4,25,2.1
Birmingham 007C,E01009465,1134,100,165,14.6,83,7.3,152,13.4,77,6.8,199,17.5,434,38.3,24,2.1
Birmingham 007D,E01009467,1283,100,235,18.3,118,9.2,149,11.6,97,7.6,201,15.7,445,34.7,38,3
Birmingham 008A,E01009220,1199,100,281,23.4,162,13.5,180,15,71,5.9,219,18.3,253,21.1,33,2.8
Birmingham 008B,E01009222,1150,100,286,24.9,151,13.1,196,17,50,4.3,198,17.2,247,21.5,22,1.9
Birmingham 008C,E01009224,1145,100,272,23.8,140,12.2,161,14.1,82,7.2,213,18.6,251,21.9,26,2.3
Birmingham 008D,E01009233,1153,100,341,29.6,146,12.7,176,15.3,73,6.3,169,14.7,217,18.8,31,2.7
Birmingham 009A,E01009449,1859,100,260,14,127,6.8,229,12.3,45,2.4,287,15.4,873,47,38,2
Birmingham 009B,E01009451,1117,100,177,15.8,95,8.5,142,12.7,43,3.8,172,15.4,468,41.9,20,1.8
Birmingham 009C,E01009453,1097,100,127,11.6,101,9.2,154,14,44,4,160,14.6,481,43.8,30,2.7
Birmingham 009D,E01009466,1368,100,172,12.6,76,5.6,168,12.3,44,3.2,174,12.7,701,51.2,33,2.4
Birmingham 009E,E01009471,1531,100,191,12.5,116,7.6,197,12.9,46,3,195,12.7,744,48.6,42,2.7
Birmingham 010A,E01009135,1201,100,237,19.7,142,11.8,108,9,46,3.8,183,15.2,448,37.3,37,3.1
Birmingham 010B,E01009469,1193,100,182,15.3,98,8.2,165,13.8,46,3.9,172,14.4,497,41.7,33,2.8
Birmingham 010C,E01009470,1177,100,118,10,84,7.1,141,12,44,3.7,223,18.9,537,45.6,30,2.5
Birmingham 010D,E01009472,1340,100,183,13.7,116,8.7,160,11.9,70,5.2,209,15.6,575,42.9,27,2
Birmingham 010E,E01009473,1280,100,251,19.6,89,7,163,12.7,65,5.1,204,15.9,475,37.1,33,2.6
Birmingham 010F,E01009474,1267,100,184,14.5,87,6.9,147,11.6,52,4.1,197,15.5,578,45.6,22,1.7
Birmingham 011A,E01009127,1146,100,353,30.8,143,12.5,171,14.9,55,4.8,174,15.2,214,18.7,36,3.1
Birmingham 011B,E01009128,1027,100,333,32.4,119,11.6,163,15.9,48,4.7,157,15.3,191,18.6,16,1.6
Birmingham 011C,E01009130,1118,100,371,33.2,142,12.7,167,14.9,57,5.1,163,14.6,190,17,28,2.5
Birmingham 011D,E01009131,1100,100,364,33.1,128,11.6,172,15.6,62,5.6,156,14.2,189,17.2,29,2.6
Birmingham 011E,E01009133,1133,100,357,31.5,134,11.8,196,17.3,47,4.1,156,13.8,210,18.5,33,2.9
Birmingham 011F,E01009134,1271,100,410,32.3,159,12.5,193,15.2,59,4.6,166,13.1,247,19.4,37,2.9
Birmingham 011G,E01009137,1206,100,364,30.2,141,11.7,159,13.2,40,3.3,223,18.5,236,19.6,43,3.6
Birmingham 012A,E01009434,1367,100,126,9.2,131,9.6,205,15,51,3.7,241,17.6,596,43.6,17,1.2
Birmingham 012B,E01009436,1174,100,151,12.9,82,7,179,15.2,52,4.4,208,17.7,476,40.5,26,2.2
Birmingham 012C,E01009438,1132,100,180,15.9,106,9.4,151,13.3,55,4.9,187,16.5,427,37.7,26,2.3
Birmingham 012D,E01009440,1332,100,265,19.9,102,7.7,151,11.3,73,5.5,232,17.4,454,34.1,55,4.1
Birmingham 012E,E01009450,1333,100,224,16.8,158,11.9,199,14.9,82,6.2,241,18.1,402,30.2,27,2
Birmingham 013A,E01009223,1312,100,354,27,134,10.2,183,13.9,78,5.9,214,16.3,311,23.7,38,2.9
Birmingham 013B,E01009225,1297,100,409,31.5,139,10.7,183,14.1,63,4.9,198,15.3,254,19.6,51,3.9
Birmingham 013C,E01009227,1350,100,292,21.6,186,13.8,175,13,76,5.6,260,19.3,315,23.3,46,3.4
Birmingham 013D,E01009228,1224,100,257,21,125,10.2,224,18.3,69,5.6,223,18.2,301,24.6,25,2
Birmingham 014B,E01009122,1250,100,344,27.5,196,15.7,179,14.3,71,5.7,191,15.3,225,18,44,3.5
Birmingham 014C,E01009129,1191,100,337,28.3,160,13.4,164,13.8,45,3.8,204,17.1,234,19.6,47,3.9
Birmingham 014D,E01009132,1151,100,330,28.7,161,14,177,15.4,59,5.1,192,16.7,202,17.5,30,2.6
Birmingham 014E,E01009136,1431,100,445,31.1,151,10.6,190,13.3,72,5,188,13.1,329,23,56,3.9
Birmingham 014F,E01034913,879,100,218,24.8,89,10.1,120,13.7,32,3.6,141,16,255,29,24,2.7
Birmingham 014G,E01034914,1359,100,388,28.6,155,11.4,191,14.1,64,4.7,215,15.8,315,23.2,31,2.3
Birmingham 015A,E01009457,1272,100,160,12.6,66,5.2,159,12.5,50,3.9,201,15.8,605,47.6,31,2.4
Birmingham 015B,E01009459,1323,100,152,11.5,92,7,156,11.8,50,3.8,195,14.7,654,49.4,24,1.8
Birmingham 015C,E01009461,1087,100,144,13.2,78,7.2,120,11,56,5.2,186,17.1,477,43.9,26,2.4
Birmingham 015D,E01009463,1333,100,256,19.2,102,7.7,140,10.5,58,4.4,171,12.8,568,42.6,38,2.9
Birmingham 016A,E01009235,1319,100,272,20.6,140,10.6,217,16.5,52,3.9,193,14.6,407,30.9,38,2.9
Birmingham 016B,E01009243,1405,100,270,19.2,173,12.3,172,12.2,64,4.6,246,17.5,439,31.2,41,2.9
Birmingham 016C,E01009245,1190,100,268,22.5,116,9.7,166,13.9,48,4,200,16.8,347,29.2,45,3.8
Birmingham 016D,E01009246,1258,100,255,20.3,139,11,157,12.5,77,6.1,211,16.8,380,30.2,39,3.1
Birmingham 016E,E01009247,1250,100,232,18.6,122,9.8,179,14.3,66,5.3,243,19.4,372,29.8,36,2.9
Birmingham 017A,E01009226,1175,100,282,24,138,11.7,187,15.9,77,6.6,179,15.2,277,23.6,35,3
Birmingham 017B,E01009229,1244,100,302,24.3,156,12.5,174,14,65,5.2,237,19.1,267,21.5,43,3.5
Birmingham 017C,E01009230,1319,100,336,25.5,169,12.8,196,14.9,85,6.4,236,17.9,266,20.2,31,2.4
Birmingham 017D,E01009231,1568,100,398,25.4,198,12.6,233,14.9,81,5.2,268,17.1,334,21.3,56,3.6
Birmingham 018A,E01009001,1329,100,297,22.3,136,10.2,152,11.4,51,3.8,223,16.8,437,32.9,33,2.5
Birmingham 018B,E01009003,1519,100,455,30,107,7,149,9.8,74,4.9,212,14,485,31.9,37,2.4
Birmingham 018C,E01009456,1401,100,154,11,92,6.6,156,11.1,58,4.1,216,15.4,704,50.2,21,1.5
Birmingham 018D,E01009458,1223,100,295,24.1,106,8.7,128,10.5,68,5.6,195,15.9,401,32.8,30,2.5
Birmingham 018E,E01009460,1360,100,243,17.9,109,8,181,13.3,61,4.5,266,19.6,457,33.6,43,3.2
Birmingham 018F,E01009462,1348,100,224,16.6,95,7,163,12.1,71,5.3,210,15.6,562,41.7,23,1.7
Birmingham 019A,E01009234,1159,100,228,19.7,131,11.3,177,15.3,60,5.2,251,21.7,287,24.8,25,2.2
Birmingham 019B,E01009236,1191,100,242,20.3,133,11.2,158,13.3,70,5.9,235,19.7,325,27.3,28,2.4
Birmingham 019C,E01009244,1446,100,276,19.1,148,10.2,187,12.9,77,5.3,290,20.1,439,30.4,29,2
Birmingham 019D,E01009248,1396,100,309,22.1,156,11.2,212,15.2,86,6.2,262,18.8,338,24.2,33,2.4
Birmingham 020A,E01009403,1179,100,343,29.1,129,10.9,163,13.8,62,5.3,178,15.1,269,22.8,35,3
Birmingham 020B,E01009404,1211,100,358,29.6,138,11.4,147,12.1,74,6.1,175,14.5,288,23.8,31,2.6
Birmingham 020C,E01009405,1161,100,333,28.7,124,10.7,177,15.2,62,5.3,164,14.1,257,22.1,44,3.8
Birmingham 020D,E01009406,1374,100,341,24.8,165,12,196,14.3,59,4.3,237,17.2,335,24.4,41,3
Birmingham 020E,E01009407,1392,100,342,24.6,165,11.9,161,11.6,65,4.7,244,17.5,377,27.1,38,2.7
Birmingham 021A,E01009439,1192,100,189,15.9,95,8,174,14.6,80,6.7,218,18.3,402,33.7,34,2.9
Birmingham 021B,E01009441,1216,100,365,30,108,8.9,156,12.8,74,6.1,199,16.4,275,22.6,39,3.2
Birmingham 021C,E01009442,1197,100,218,18.2,131,10.9,132,11,77,6.4,208,17.4,397,33.2,34,2.8
Birmingham 021D,E01009443,968,100,158,16.3,105,10.8,127,13.1,54,5.6,166,17.1,329,34,29,3
Birmingham 022A,E01009123,1205,100,312,25.9,125,10.4,167,13.9,70,5.8,195,16.2,285,23.7,51,4.2
Birmingham 022B,E01009124,1349,100,360,26.7,196,14.5,193,14.3,49,3.6,220,16.3,273,20.2,58,4.3
Birmingham 022C,E01009125,1558,100,532,34.1,195,12.5,235,15.1,67,4.3,199,12.8,282,18.1,48,3.1
Birmingham 022D,E01009232,1262,100,307,24.3,140,11.1,158,12.5,79,6.3,215,17,327,25.9,36,2.9
Birmingham 023A,E01009002,1374,100,352,25.6,170,12.4,181,13.2,63,4.6,210,15.3,355,25.8,43,3.1
Birmingham 023C,E01009006,1293,100,225,17.4,155,12,187,14.5,70,5.4,202,15.6,419,32.4,35,2.7
Birmingham 023D,E01009007,1496,100,326,21.8,203,13.6,198,13.2,81,5.4,242,16.2,387,25.9,59,3.9
Birmingham 023G,E01034915,1073,100,255,23.8,145,13.5,165,15.4,40,3.7,124,11.6,308,28.7,36,3.4
Birmingham 023H,E01034916,1254,100,231,18.4,104,8.3,153,12.2,59,4.7,184,14.7,492,39.2,31,2.5
Birmingham 024A,E01009237,1121,100,255,22.7,117,10.4,162,14.5,42,3.7,180,16.1,315,28.1,50,4.5
Birmingham 024B,E01009238,1391,100,326,23.4,145,10.4,177,12.7,77,5.5,217,15.6,413,29.7,36,2.6
Birmingham 024C,E01009240,1185,100,232,19.6,128,10.8,163,13.8,42,3.5,180,15.2,396,33.4,44,3.7
Birmingham 024D,E01009241,1314,100,289,22,121,9.2,165,12.6,51,3.9,229,17.4,426,32.4,33,2.5
Birmingham 024E,E01009242,1615,100,367,22.7,160,9.9,185,11.5,50,3.1,314,19.4,491,30.4,48,3
Birmingham 025A,E01009005,1370,100,309,22.6,144,10.5,162,11.8,57,4.2,220,16.1,434,31.7,44,3.2
Birmingham 025B,E01009009,1221,100,240,19.7,140,11.5,153,12.5,49,4,234,19.2,374,30.6,31,2.5
Birmingham 025C,E01009098,1662,100,454,27.3,179,10.8,265,15.9,77,4.6,254,15.3,397,23.9,36,2.2
Birmingham 025D,E01009100,1586,100,412,26,177,11.2,198,12.5,85,5.4,259,16.3,414,26.1,41,2.6
Birmingham 025E,E01009105,1400,100,333,23.8,127,9.1,198,14.1,88,6.3,237,16.9,383,27.4,34,2.4
Birmingham 026A,E01009126,1155,100,244,21.1,130,11.3,174,15.1,56,4.8,230,19.9,292,25.3,29,2.5
Birmingham 026B,E01009408,1357,100,350,25.8,165,12.2,185,13.6,58,4.3,221,16.3,315,23.2,63,4.6
Birmingham 026C,E01009409,1516,100,347,22.9,190,12.5,173,11.4,90,5.9,253,16.7,410,27,53,3.5
Birmingham 026D,E01009410,1561,100,438,28.1,187,12,179,11.5,77,4.9,253,16.2,384,24.6,43,2.8
Birmingham 029A,E01009096,1347,100,434,32.2,146,10.8,206,15.3,74,5.5,205,15.2,243,18,39,2.9
Birmingham 029B,E01009097,1544,100,492,31.9,213,13.8,251,16.3,75,4.9,240,15.5,233,15.1,40,2.6
Birmingham 029C,E01009099,1309,100,397,30.3,167,12.8,225,17.2,58,4.4,218,16.7,211,16.1,33,2.5
Birmingham 029D,E01009101,1193,100,371,31.1,170,14.2,167,14,58,4.9,199,16.7,196,16.4,32,2.7
Birmingham 029E,E01009103,1226,100,414,33.8,166,13.5,169,13.8,62,5.1,185,15.1,201,16.4,29,2.4
Birmingham 029F,E01009106,1112,100,317,28.5,145,13,194,17.4,66,5.9,165,14.8,188,16.9,37,3.3
Birmingham 030A,E01008915,1170,100,366,31.3,147,12.6,149,12.7,54,4.6,175,15,227,19.4,52,4.4
Birmingham 030B,E01009411,1526,100,356,23.3,158,10.4,179,11.7,63,4.1,270,17.7,452,29.6,48,3.1
Birmingham 030C,E01009412,1430,100,441,30.8,158,11,180,12.6,58,4.1,187,13.1,363,25.4,43,3
Birmingham 030D,E01009413,1431,100,373,26.1,166,11.6,184,12.9,62,4.3,246,17.2,362,25.3,38,2.7
Birmingham 030E,E01009414,1785,100,401,22.5,207,11.6,221,12.4,97,5.4,304,17,497,27.8,58,3.2
Birmingham 031A,E01008998,1424,100,466,32.7,203,14.3,174,12.2,57,4,193,13.6,292,20.5,39,2.7
Birmingham 031B,E01008999,1245,100,315,25.3,130,10.4,156,12.5,49,3.9,191,15.3,374,30,30,2.4
Birmingham 031C,E01009000,1494,100,412,27.6,158,10.6,174,11.6,54,3.6,222,14.9,419,28,55,3.7
Birmingham 031D,E01009013,1690,100,434,25.7,176,10.4,207,12.2,71,4.2,292,17.3,476,28.2,34,2
Birmingham 031E,E01009400,1328,100,403,30.3,135,10.2,174,13.1,60,4.5,208,15.7,303,22.8,45,3.4
Birmingham 031F,E01009401,1427,100,428,30,167,11.7,185,13,66,4.6,235,16.5,300,21,46,3.2
Birmingham 031H,E01033630,999,100,219,21.9,71,7.1,121,12.1,48,4.8,142,14.2,366,36.6,32,3.2
Birmingham 031I,E01033646,1525,100,415,27.2,186,12.2,156,10.2,68,4.5,222,14.6,419,27.5,59,3.9
Birmingham 032A,E01009049,1338,100,344,25.7,149,11.1,151,11.3,34,2.5,202,15.1,404,30.2,54,4
Birmingham 032B,E01009056,1643,100,442,26.9,173,10.5,228,13.9,52,3.2,230,14,466,28.4,52,3.2
Birmingham 032C,E01009263,1307,100,295,22.6,123,9.4,150,11.5,42,3.2,184,14.1,469,35.9,44,3.4
Birmingham 032D,E01009264,1634,100,221,13.5,122,7.5,118,7.2,45,2.8,494,30.2,597,36.5,37,2.3
Birmingham 032E,E01009265,1462,100,434,29.7,163,11.1,141,9.6,38,2.6,190,13,444,30.4,52,3.6
Birmingham 033A,E01009051,1343,100,455,33.9,161,12,146,10.9,45,3.4,212,15.8,290,21.6,34,2.5
Birmingham 033B,E01009053,1108,100,448,40.4,155,14,127,11.5,14,1.3,142,12.8,186,16.8,36,3.2
Birmingham 033C,E01009054,1274,100,382,30,156,12.2,158,12.4,42,3.3,186,14.6,297,23.3,53,4.2
Birmingham 033D,E01009058,1378,100,482,35,179,13,151,11,35,2.5,202,14.7,287,20.8,42,3
Birmingham 033E,E01009061,1363,100,464,34,172,12.6,161,11.8,31,2.3,206,15.1,284,20.8,45,3.3
Birmingham 033F,E01009239,1202,100,304,25.3,151,12.6,130,10.8,63,5.2,191,15.9,321,26.7,42,3.5
Birmingham 034A,E01009266,1340,100,411,30.7,188,14,137,10.2,52,3.9,169,12.6,321,24,62,4.6
Birmingham 034B,E01009269,1080,100,361,33.4,138,12.8,113,10.5,52,4.8,120,11.1,223,20.6,73,6.8
Birmingham 034C,E01009270,1463,100,437,29.9,177,12.1,195,13.3,38,2.6,208,14.2,340,23.2,68,4.6
Birmingham 034D,E01009271,1208,100,385,31.9,161,13.3,181,15,43,3.6,147,12.2,235,19.5,56,4.6
Birmingham 034E,E01009273,1246,100,387,31.1,156,12.5,151,12.1,42,3.4,171,13.7,279,22.4,60,4.8
Birmingham 035A,E01009050,1595,100,432,27.1,174,10.9,174,10.9,51,3.2,255,16,459,28.8,50,3.1
Birmingham 035D,E01009057,1458,100,448,30.7,175,12,191,13.1,55,3.8,244,16.7,296,20.3,49,3.4
Birmingham 035E,E01009059,1366,100,406,29.7,167,12.2,203,14.9,45,3.3,219,16,282,20.6,44,3.2
Birmingham 035F,E01009060,1291,100,459,35.6,151,11.7,172,13.3,44,3.4,173,13.4,246,19.1,46,3.6
Birmingham 035H,E01034917,1251,100,373,29.8,143,11.4,157,12.5,47,3.8,174,13.9,322,25.7,35,2.8
Birmingham 035I,E01034918,1334,100,380,28.5,164,12.3,198,14.8,46,3.4,172,12.9,324,24.3,50,3.7
Birmingham 036A,E01009268,1173,100,318,27.1,129,11,130,11.1,41,3.5,179,15.3,315,26.9,61,5.2
Birmingham 036B,E01009272,1062,100,267,25.1,121,11.4,153,14.4,44,4.1,151,14.2,270,25.4,56,5.3
Birmingham 036C,E01009274,1638,100,482,29.4,212,12.9,173,10.6,66,4,238,14.5,391,23.9,76,4.6
Birmingham 036D,E01009349,1176,100,406,34.5,132,11.2,131,11.1,48,4.1,161,13.7,249,21.2,49,4.2
Birmingham 036E,E01009351,1248,100,427,34.2,157,12.6,171,13.7,56,4.5,156,12.5,228,18.3,53,4.2
Birmingham 036F,E01009354,1210,100,385,31.8,176,14.5,132,10.9,55,4.5,175,14.5,239,19.8,48,4
Birmingham 037A,E01008899,965,100,340,35.2,154,16,133,13.8,26,2.7,141,14.6,144,14.9,27,2.8
Birmingham 037C,E01008901,1371,100,503,36.7,172,12.5,146,10.6,44,3.2,180,13.1,281,20.5,45,3.3
Birmingham 037E,E01008916,1203,100,473,39.3,143,11.9,138,11.5,37,3.1,135,11.2,236,19.6,41,3.4
Birmingham 037G,E01034919,1251,100,497,39.7,161,12.9,160,12.8,38,3,135,10.8,218,17.4,42,3.4
Birmingham 037H,E01034920,1379,100,498,36.1,186,13.5,186,13.5,25,1.8,167,12.1,278,20.2,39,2.8
Birmingham 039A,E01009275,1325,100,450,34,138,10.4,176,13.3,46,3.5,215,16.2,264,19.9,36,2.7
Birmingham 039B,E01009350,1185,100,452,38.1,140,11.8,141,11.9,32,2.7,129,10.9,223,18.8,68,5.7
Birmingham 039C,E01009352,1452,100,557,38.4,173,11.9,172,11.8,28,1.9,210,14.5,264,18.2,48,3.3
Birmingham 039D,E01009353,1261,100,453,35.9,146,11.6,180,14.3,50,4,129,10.2,240,19,63,5
Birmingham 039E,E01009355,1128,100,380,33.7,131,11.6,126,11.2,31,2.7,185,16.4,240,21.3,35,3.1
Birmingham 039I,E01034921,1048,100,395,37.7,114,10.9,104,9.9,50,4.8,95,9.1,206,19.7,84,8
Birmingham 039J,E01034922,1200,100,381,31.8,138,11.5,141,11.8,41,3.4,193,16.1,243,20.2,63,5.2
Birmingham 040A,E01008905,1386,100,556,40.1,168,12.1,177,12.8,14,1,179,12.9,244,17.6,48,3.5
Birmingham 040B,E01008907,1351,100,392,29,167,12.4,198,14.7,44,3.3,214,15.8,289,21.4,47,3.5
Birmingham 040C,E01009047,1412,100,516,36.5,172,12.2,180,12.7,33,2.3,230,16.3,239,16.9,42,3
Birmingham 040D,E01009048,1617,100,512,31.7,222,13.7,216,13.4,43,2.7,207,12.8,356,22,61,3.8
Birmingham 040E,E01009062,1392,100,490,35.2,172,12.4,166,11.9,29,2.1,212,15.2,269,19.3,54,3.9
Birmingham 041D,E01008909,1432,100,442,30.9,145,10.1,217,15.2,36,2.5,236,16.5,314,21.9,42,2.9
Birmingham 041H,E01034923,1301,100,454,34.9,194,14.9,166,12.8,34,2.6,177,13.6,226,17.4,50,3.8
Birmingham 041I,E01034924,1212,100,428,35.3,160,13.2,123,10.1,27,2.2,185,15.3,240,19.8,49,4
Birmingham 041J,E01034925,1117,100,356,31.9,141,12.6,116,10.4,35,3.1,133,11.9,304,27.2,32,2.9
Birmingham 041K,E01034926,1158,100,403,34.8,152,13.1,160,13.8,31,2.7,161,13.9,210,18.1,41,3.5
Birmingham 042A,E01009084,1468,100,370,25.2,131,8.9,237,16.1,58,4,239,16.3,394,26.8,39,2.7
Birmingham 042B,E01009085,1601,100,420,26.2,162,10.1,232,14.5,38,2.4,279,17.4,424,26.5,46,2.9
Birmingham 042C,E01009087,1263,100,310,24.5,129,10.2,199,15.8,56,4.4,191,15.1,341,27,37,2.9
Birmingham 042D,E01009089,1273,100,293,23,143,11.2,184,14.5,29,2.3,229,18,350,27.5,45,3.5
Birmingham 042E,E01009090,1592,100,494,31,164,10.3,235,14.8,33,2.1,230,14.4,390,24.5,46,2.9
Birmingham 043A,E01009201,1415,100,475,33.6,170,12,157,11.1,56,4,223,15.8,280,19.8,54,3.8
Birmingham 043B,E01009202,1187,100,394,33.2,140,11.8,138,11.6,31,2.6,175,14.7,265,22.3,44,3.7
Birmingham 043D,E01034927,1146,100,341,29.8,158,13.8,149,13,32,2.8,177,15.4,249,21.7,40,3.5
Birmingham 043E,E01034928,906,100,317,35,100,11,115,12.7,32,3.5,112,12.4,198,21.9,32,3.5
Birmingham 044A,E01009082,1067,100,311,29.1,116,10.9,157,14.7,55,5.2,173,16.2,231,21.6,24,2.2
Birmingham 044B,E01009086,1660,100,448,27,178,10.7,264,15.9,50,3,236,14.2,397,23.9,87,5.2
Birmingham 044C,E01009480,1440,100,435,30.2,202,14,217,15.1,47,3.3,218,15.1,273,19,48,3.3
Birmingham 044D,E01009481,1933,100,605,31.3,223,11.5,279,14.4,47,2.4,334,17.3,389,20.1,56,2.9
Birmingham 044E,E01009486,1536,100,581,37.8,187,12.2,200,13,44,2.9,203,13.2,262,17.1,59,3.8
Birmingham 044F,E01009487,1540,100,540,35.1,173,11.2,196,12.7,39,2.5,231,15,297,19.3,64,4.2
Birmingham 045A,E01009088,1275,100,382,30,143,11.2,166,13,60,4.7,206,16.2,282,22.1,36,2.8
Birmingham 045B,E01009091,1288,100,399,31,147,11.4,179,13.9,39,3,191,14.8,293,22.7,40,3.1
Birmingham 045C,E01009305,1210,100,343,28.3,173,14.3,209,17.3,38,3.1,193,16,222,18.3,32,2.6
Birmingham 045D,E01009307,1215,100,357,29.4,171,14.1,186,15.3,68,5.6,189,15.6,212,17.4,32,2.6
Birmingham 045E,E01009309,1393,100,382,27.4,161,11.6,215,15.4,83,6,217,15.6,293,21,42,3
Birmingham 046A,E01009304,1421,100,402,28.3,163,11.5,233,16.4,75,5.3,264,18.6,257,18.1,27,1.9
Birmingham 046B,E01009306,1358,100,466,34.3,135,9.9,201,14.8,67,4.9,212,15.6,237,17.5,40,2.9
Birmingham 046C,E01009308,1373,100,373,27.2,174,12.7,258,18.8,58,4.2,253,18.4,222,16.2,35,2.5
Birmingham 046D,E01009310,1488,100,410,27.6,209,14,241,16.2,66,4.4,240,16.1,286,19.2,36,2.4
Birmingham 047A,E01009348,1578,100,394,25,168,10.6,181,11.5,55,3.5,210,13.3,515,32.6,55,3.5
Birmingham 047B,E01009358,1756,100,494,28.1,249,14.2,222,12.6,62,3.5,228,13,434,24.7,67,3.8
Birmingham 047C,E01009359,1516,100,557,36.7,154,10.2,155,10.2,54,3.6,209,13.8,304,20.1,83,5.5
Birmingham 047D,E01009360,2019,100,612,30.3,227,11.2,227,11.2,60,3,282,14,517,25.6,94,4.7
Birmingham 047E,E01009361,1553,100,513,33,182,11.7,172,11.1,48,3.1,263,16.9,306,19.7,69,4.4
Birmingham 048A,E01009478,1417,100,450,31.8,205,14.5,204,14.4,44,3.1,204,14.4,270,19.1,40,2.8
Birmingham 048B,E01009479,1649,100,584,35.4,193,11.7,239,14.5,39,2.4,270,16.4,270,16.4,54,3.3
Birmingham 048C,E01009482,1212,100,468,38.6,153,12.6,175,14.4,31,2.6,159,13.1,187,15.4,39,3.2
Birmingham 048D,E01009484,1311,100,504,38.4,186,14.2,167,12.7,41,3.1,145,11.1,220,16.8,48,3.7
Birmingham 048E,E01009485,1441,100,539,37.4,190,13.2,189,13.1,23,1.6,170,11.8,276,19.2,54,3.7
Birmingham 049A,E01008906,1361,100,498,36.6,178,13.1,181,13.3,29,2.1,206,15.1,209,15.4,60,4.4
Birmingham 049B,E01008911,1223,100,399,32.6,184,15,155,12.7,57,4.7,159,13,231,18.9,38,3.1
Birmingham 049D,E01009347,1140,100,313,27.5,108,9.5,180,15.8,43,3.8,173,15.2,258,22.6,65,5.7
Birmingham 049E,E01033559,1403,100,126,9,46,3.3,74,5.3,23,1.6,188,13.4,925,65.9,21,1.5
Birmingham 049F,E01033638,1350,100,402,29.8,171,12.7,159,11.8,61,4.5,190,14.1,319,23.6,48,3.6
Birmingham 050A,E01008910,1248,100,407,32.6,145,11.6,192,15.4,31,2.5,164,13.1,270,21.6,39,3.1
Birmingham 050B,E01008913,1611,100,519,32.2,219,13.6,199,12.4,43,2.7,197,12.2,379,23.5,55,3.4
Birmingham 050E,E01033561,2344,100,191,8.1,83,3.5,148,6.3,25,1.1,1346,57.4,506,21.6,45,1.9
Birmingham 050F,E01033617,5575,100,115,2.1,73,1.3,206,3.7,45,0.8,3501,62.8,1560,28,75,1.3
Birmingham 050G,E01034929,940,100,287,30.5,181,19.3,117,12.4,32,3.4,113,12,167,17.8,43,4.6
Birmingham 050H,E01034930,1984,100,182,9.2,115,5.8,147,7.4,25,1.3,844,42.5,645,32.5,26,1.3
Birmingham 051B,E01009483,1451,100,524,36.1,221,15.2,230,15.9,30,2.1,154,10.6,254,17.5,38,2.6
Birmingham 051C,E01009488,1781,100,637,35.8,241,13.5,232,13,42,2.4,255,14.3,312,17.5,62,3.5
Birmingham 051D,E01009489,1496,100,578,38.6,178,11.9,200,13.4,34,2.3,202,13.5,256,17.1,48,3.2
Birmingham 051E,E01009491,1543,100,639,41.4,138,8.9,223,14.5,31,2,209,13.5,257,16.7,46,3
Birmingham 051F,E01034931,1378,100,520,37.7,127,9.2,180,13.1,19,1.4,205,14.9,280,20.3,47,3.4
Birmingham 051G,E01034932,1093,100,372,34,119,10.9,137,12.5,13,1.2,176,16.1,247,22.6,29,2.7
Birmingham 052B,E01009192,2053,100,747,36.4,227,11.1,262,12.8,32,1.6,301,14.7,414,20.2,70,3.4
Birmingham 052D,E01009199,1025,100,202,19.7,132,12.9,121,11.8,31,3,154,15,346,33.8,39,3.8
Birmingham 052E,E01009204,1502,100,425,28.3,169,11.3,190,12.6,44,2.9,289,19.2,331,22,54,3.6
Birmingham 052G,E01034933,1133,100,418,36.9,142,12.5,146,12.9,15,1.3,146,12.9,224,19.8,42,3.7
Birmingham 052H,E01034934,1100,100,376,34.2,121,11,158,14.4,22,2,160,14.5,225,20.5,38,3.5
Birmingham 053A,E01009151,1529,100,523,34.2,148,9.7,179,11.7,49,3.2,215,14.1,370,24.2,45,2.9
Birmingham 053B,E01009152,1590,100,490,30.8,193,12.1,182,11.4,28,1.8,254,16,400,25.2,43,2.7
Birmingham 053C,E01009153,1707,100,446,26.1,158,9.3,199,11.7,59,3.5,273,16,538,31.5,34,2
Birmingham 053D,E01009345,1651,100,561,34,186,11.3,188,11.4,83,5,227,13.7,350,21.2,56,3.4
Birmingham 053E,E01009346,1206,100,397,32.9,162,13.4,126,10.4,47,3.9,168,13.9,243,20.1,63,5.2
Birmingham 054A,E01009092,1236,100,378,30.6,159,12.9,189,15.3,33,2.7,181,14.6,257,20.8,39,3.2
Birmingham 054B,E01009093,1179,100,339,28.8,138,11.7,175,14.8,63,5.3,196,16.6,222,18.8,46,3.9
Birmingham 054C,E01009094,1157,100,354,30.6,155,13.4,159,13.7,47,4.1,150,13,252,21.8,40,3.5
Birmingham 054D,E01009298,1139,100,332,29.1,137,12,173,15.2,33,2.9,168,14.7,255,22.4,41,3.6
Birmingham 054E,E01009311,1161,100,374,32.2,152,13.1,158,13.6,62,5.3,171,14.7,212,18.3,32,2.8
Birmingham 054F,E01009511,1211,100,364,30.1,168,13.9,185,15.3,35,2.9,151,12.5,270,22.3,38,3.1
Birmingham 055A,E01009475,1637,100,569,34.8,170,10.4,213,13,48,2.9,275,16.8,293,17.9,69,4.2
Birmingham 055B,E01009476,1487,100,541,36.4,194,13,184,12.4,34,2.3,234,15.7,258,17.4,42,2.8
Birmingham 055C,E01009477,1275,100,438,34.4,155,12.2,185,14.5,33,2.6,171,13.4,233,18.3,60,4.7
Birmingham 055D,E01009490,1555,100,531,34.1,179,11.5,203,13.1,45,2.9,215,13.8,321,20.6,61,3.9
Birmingham 055E,E01009492,1380,100,507,36.7,195,14.1,178,12.9,46,3.3,173,12.5,236,17.1,45,3.3
Birmingham 056A,E01009095,1374,100,332,24.2,147,10.7,184,13.4,57,4.1,233,17,370,26.9,51,3.7
Birmingham 056B,E01009507,1195,100,389,32.6,133,11.1,158,13.2,48,4,155,13,275,23,37,3.1
Birmingham 056C,E01009508,1271,100,345,27.1,152,12,178,14,45,3.5,209,16.4,297,23.4,45,3.5
Birmingham 056D,E01009509,1544,100,440,28.5,201,13,179,11.6,51,3.3,225,14.6,400,25.9,48,3.1
Birmingham 056E,E01009510,1292,100,462,35.8,154,11.9,155,12,47,3.6,168,13,259,20,47,3.6
Birmingham 057A,E01009297,1408,100,456,32.4,151,10.7,204,14.5,76,5.4,209,14.8,266,18.9,46,3.3
Birmingham 057B,E01009299,1184,100,358,30.2,154,13,201,17,45,3.8,175,14.8,221,18.7,30,2.5
Birmingham 057C,E01009300,1357,100,421,31,155,11.4,219,16.1,53,3.9,188,13.9,268,19.7,53,3.9
Birmingham 057D,E01009301,1249,100,361,28.9,168,13.5,219,17.5,69,5.5,183,14.7,209,16.7,40,3.2
Birmingham 057E,E01009303,1188,100,363,30.6,157,13.2,180,15.2,54,4.5,182,15.3,205,17.3,47,4
Birmingham 058A,E01009195,1901,100,709,37.3,205,10.8,257,13.5,50,2.6,269,14.2,344,18.1,67,3.5
Birmingham 058C,E01009197,1348,100,409,30.3,147,10.9,173,12.8,34,2.5,233,17.3,307,22.8,45,3.3
Birmingham 058F,E01033649,1369,100,487,35.6,176,12.9,216,15.8,26,1.9,201,14.7,229,16.7,34,2.5
Birmingham 058G,E01034935,2299,100,792,34.4,316,13.7,366,15.9,56,2.4,313,13.6,396,17.2,60,2.6
Birmingham 060A,E01009138,1689,100,365,21.6,155,9.2,207,12.3,26,1.5,205,12.1,672,39.8,59,3.5
Birmingham 060B,E01009139,1283,100,258,20.1,107,8.3,125,9.7,41,3.2,201,15.7,501,39,50,3.9
Birmingham 060C,E01009140,1828,100,343,18.8,128,7,154,8.4,52,2.8,268,14.7,835,45.7,48,2.6
Birmingham 060D,E01009145,1605,100,305,19,101,6.3,154,9.6,47,2.9,210,13.1,732,45.6,56,3.5
Birmingham 060E,E01009147,1672,100,405,24.2,156,9.3,163,9.7,61,3.6,207,12.4,625,37.4,55,3.3
Birmingham 062A,E01009512,1451,100,379,26.1,187,12.9,262,18.1,53,3.7,257,17.7,273,18.8,40,2.8
Birmingham 062B,E01009514,1282,100,415,32.4,162,12.6,181,14.1,51,4,193,15.1,243,19,37,2.9
Birmingham 062C,E01009516,1089,100,282,25.9,111,10.2,160,14.7,46,4.2,178,16.3,279,25.6,33,3
Birmingham 062D,E01009517,1500,100,466,31.1,164,10.9,217,14.5,66,4.4,233,15.5,312,20.8,42,2.8
Birmingham 063A,E01009325,1412,100,486,34.4,167,11.8,202,14.3,34,2.4,213,15.1,263,18.6,47,3.3
Birmingham 063D,E01009342,1403,100,507,36.1,154,11,188,13.4,33,2.4,175,12.5,309,22,37,2.6
Birmingham 063E,E01009343,1276,100,481,37.7,190,14.9,163,12.8,28,2.2,133,10.4,243,19,38,3
Birmingham 063F,E01033642,2385,100,780,32.7,313,13.1,315,13.2,26,1.1,351,14.7,505,21.2,95,4
Birmingham 064A,E01008986,1311,100,184,14,85,6.5,90,6.9,48,3.7,160,12.2,701,53.5,43,3.3
Birmingham 064B,E01008987,1407,100,270,19.2,111,7.9,119,8.5,31,2.2,388,27.6,452,32.1,36,2.6
Birmingham 064C,E01008988,1874,100,271,14.5,119,6.4,187,10,42,2.2,267,14.2,960,51.2,28,1.5
Birmingham 064D,E01008989,1518,100,236,15.5,121,8,111,7.3,54,3.6,210,13.8,737,48.6,49,3.2
Birmingham 064E,E01008990,992,100,72,7.3,39,3.9,70,7.1,19,1.9,94,9.5,667,67.2,31,3.1
Birmingham 064F,E01008991,1402,100,191,13.6,69,4.9,133,9.5,31,2.2,122,8.7,814,58.1,42,3
Birmingham 066A,E01008882,1442,100,472,32.7,186,12.9,177,12.3,63,4.4,215,14.9,271,18.8,58,4
Birmingham 066B,E01008896,1283,100,398,31,170,13.3,193,15,39,3,214,16.7,231,18,38,3
Birmingham 066C,E01008898,1248,100,450,36.1,137,11,153,12.3,50,4,184,14.7,225,18,49,3.9
Birmingham 066D,E01009326,1478,100,456,30.9,190,12.9,178,12,46,3.1,242,16.4,321,21.7,45,3
Birmingham 066E,E01009341,1162,100,362,31.2,157,13.5,154,13.3,33,2.8,141,12.1,272,23.4,43,3.7
Birmingham 066F,E01009513,1365,100,402,29.5,157,11.5,195,14.3,32,2.3,195,14.3,336,24.6,48,3.5
Birmingham 067A,E01008881,1320,100,369,28,159,12,171,13,41,3.1,193,14.6,342,25.9,45,3.4
Birmingham 067B,E01008897,1425,100,384,26.9,164,11.5,198,13.9,50,3.5,232,16.3,334,23.4,63,4.4
Birmingham 067C,E01009515,1363,100,415,30.4,135,9.9,164,12,60,4.4,170,12.5,375,27.5,44,3.2
Birmingham 067D,E01009518,1417,100,355,25.1,151,10.7,173,12.2,65,4.6,209,14.7,413,29.1,51,3.6
Birmingham 067E,E01009521,1355,100,264,19.5,157,11.6,203,15,63,4.6,249,18.4,385,28.4,34,2.5
Birmingham 069A,E01009302,1244,100,349,28.1,152,12.2,185,14.9,86,6.9,195,15.7,227,18.2,50,4
Birmingham 069B,E01009314,1512,100,407,26.9,189,12.5,241,15.9,93,6.2,266,17.6,269,17.8,47,3.1
Birmingham 069C,E01009321,1471,100,499,33.9,185,12.6,232,15.8,62,4.2,212,14.4,241,16.4,40,2.7
Birmingham 069D,E01009322,1342,100,421,31.4,171,12.7,214,15.9,60,4.5,185,13.8,255,19,36,2.7
Birmingham 069E,E01009323,1345,100,368,27.4,159,11.8,216,16.1,54,4,232,17.2,271,20.1,45,3.3
Birmingham 070A,E01009329,1906,100,650,34.1,241,12.6,244,12.8,37,1.9,264,13.9,394,20.7,76,4
Birmingham 070B,E01009334,1408,100,504,35.8,138,9.8,179,12.7,14,1,222,15.8,310,22,41,2.9
Birmingham 070C,E01009337,1361,100,459,33.7,171,12.6,197,14.5,19,1.4,180,13.2,281,20.6,54,4
Birmingham 070D,E01009338,1281,100,449,35.1,184,14.4,154,12,25,2,171,13.3,250,19.5,48,3.7
Birmingham 070E,E01009380,1255,100,442,35.2,175,13.9,154,12.3,27,2.2,167,13.3,217,17.3,73,5.8
Birmingham 071A,E01009362,997,100,306,30.7,111,11.1,122,12.2,29,2.9,137,13.7,224,22.5,68,6.8
Birmingham 071B,E01009363,1326,100,424,32,201,15.2,185,14,42,3.2,195,14.7,246,18.6,33,2.5
Birmingham 071C,E01009364,1127,100,302,26.8,181,16.1,150,13.3,31,2.8,211,18.7,212,18.8,40,3.5
Birmingham 071D,E01009365,1387,100,469,33.8,176,12.7,163,11.8,33,2.4,179,12.9,289,20.8,78,5.6
Birmingham 071E,E01009379,1431,100,581,40.6,177,12.4,153,10.7,39,2.7,181,12.6,237,16.6,63,4.4
Birmingham 072A,E01009312,1286,100,279,21.7,161,12.5,189,14.7,71,5.5,222,17.3,342,26.6,22,1.7
Birmingham 072B,E01009324,1413,100,377,26.7,165,11.7,187,13.2,76,5.4,255,18,307,21.7,46,3.3
Birmingham 072C,E01009519,1188,100,237,19.9,155,13,178,15,66,5.6,247,20.8,275,23.1,30,2.5
Birmingham 072D,E01009520,1445,100,302,20.9,154,10.7,214,14.8,76,5.3,255,17.6,400,27.7,44,3
Birmingham 073A,E01009066,1608,100,274,17,83,5.2,152,9.5,50,3.1,149,9.3,863,53.7,37,2.3
Birmingham 073B,E01009070,1291,100,170,13.2,85,6.6,133,10.3,27,2.1,132,10.2,715,55.4,29,2.2
Birmingham 073C,E01009252,1307,100,133,10.2,75,5.7,86,6.6,22,1.7,144,11,816,62.4,31,2.4
Birmingham 073D,E01009260,1331,100,220,16.5,68,5.1,130,9.8,39,2.9,131,9.8,711,53.4,32,2.4
Birmingham 073E,E01009261,1423,100,248,17.4,105,7.4,170,11.9,48,3.4,176,12.4,645,45.3,31,2.2
Birmingham 074A,E01008984,1427,100,356,24.9,130,9.1,125,8.8,51,3.6,199,13.9,501,35.1,65,4.6
Birmingham 074B,E01008994,1349,100,148,11,52,3.9,111,8.2,36,2.7,242,17.9,721,53.4,39,2.9
Birmingham 074C,E01008996,1376,100,416,30.2,144,10.5,168,12.2,45,3.3,174,12.6,396,28.8,33,2.4
Birmingham 074D,E01008997,1239,100,161,13,70,5.6,100,8.1,25,2,177,14.3,692,55.9,14,1.1
Birmingham 075A,E01009065,1318,100,140,10.6,53,4,89,6.8,24,1.8,108,8.2,897,68.1,7,0.5
Birmingham 075B,E01009067,1232,100,106,8.6,43,3.5,114,9.3,22,1.8,102,8.3,823,66.8,22,1.8
Birmingham 075C,E01009068,1324,100,109,8.2,40,3,70,5.3,21,1.6,192,14.5,874,66,18,1.4
Birmingham 075D,E01009069,1413,100,151,10.7,64,4.5,72,5.1,32,2.3,188,13.3,888,62.8,18,1.3
Birmingham 075E,E01009072,1511,100,154,10.2,88,5.8,139,9.2,29,1.9,173,11.4,901,59.6,27,1.8
Birmingham 076A,E01008885,1063,100,235,22.1,115,10.8,179,16.8,49,4.6,173,16.3,270,25.4,42,4
Birmingham 076B,E01008886,1218,100,309,25.4,118,9.7,179,14.7,52,4.3,189,15.5,337,27.7,34,2.8
Birmingham 076C,E01008888,1298,100,250,19.3,145,11.2,227,17.5,69,5.3,272,21,303,23.3,32,2.5
Birmingham 076D,E01009313,1312,100,323,24.6,157,12,180,13.7,57,4.3,215,16.4,339,25.8,41,3.1
Birmingham 077A,E01009368,1133,100,398,35.1,141,12.4,130,11.5,17,1.5,173,15.3,250,22.1,24,2.1
Birmingham 077D,E01009371,1375,100,470,34.2,176,12.8,221,16.1,30,2.2,176,12.8,264,19.2,38,2.8
Birmingham 077E,E01009397,1308,100,442,33.8,161,12.3,181,13.8,24,1.8,189,14.4,261,20,50,3.8
Birmingham 077F,E01033650,2025,100,802,39.6,216,10.7,248,12.2,31,1.5,284,14,367,18.1,77,3.8
Birmingham 078A,E01008883,1444,100,410,28.4,204,14.1,207,14.3,52,3.6,197,13.6,324,22.4,50,3.5
Birmingham 078B,E01008884,1503,100,489,32.5,211,14,226,15,54,3.6,191,12.7,280,18.6,52,3.5
Birmingham 078C,E01008887,1232,100,299,24.3,153,12.4,198,16.1,52,4.2,234,19,245,19.9,51,4.1
Birmingham 078D,E01008889,1439,100,404,28.1,168,11.7,170,11.8,56,3.9,221,15.4,373,25.9,47,3.3
Birmingham 079A,E01008982,1344,100,142,10.6,54,4,133,9.9,29,2.2,168,12.5,791,58.9,27,2
Birmingham 079C,E01008992,1501,100,80,5.3,42,2.8,87,5.8,10,0.7,535,35.6,716,47.7,31,2.1
Birmingham 079E,E01009283,1493,100,185,12.4,57,3.8,120,8,20,1.3,271,18.2,809,54.2,31,2.1
Birmingham 079G,E01034936,2546,100,136,5.3,34,1.3,65,2.6,6,0.2,1704,66.9,569,22.3,32,1.3
Birmingham 079H,E01034937,2301,100,117,5.1,31,1.3,95,4.1,21,0.9,1145,49.8,845,36.7,47,2
Birmingham 080A,E01009249,1284,100,253,19.7,127,9.9,169,13.2,70,5.5,213,16.6,416,32.4,36,2.8
Birmingham 080B,E01009250,1410,100,273,19.4,149,10.6,195,13.8,80,5.7,251,17.8,427,30.3,35,2.5
Birmingham 080C,E01009251,1220,100,191,15.7,94,7.7,143,11.7,48,3.9,187,15.3,526,43.1,31,2.5
Birmingham 080D,E01009253,1324,100,212,16,134,10.1,196,14.8,63,4.8,226,17.1,466,35.2,27,2
Birmingham 080E,E01009255,1200,100,254,21.2,136,11.3,164,13.7,50,4.2,226,18.8,335,27.9,35,2.9
Birmingham 080F,E01009257,1231,100,287,23.3,133,10.8,156,12.7,70,5.7,195,15.8,360,29.2,30,2.4
Birmingham 081A,E01009315,1431,100,391,27.3,177,12.4,211,14.7,78,5.5,220,15.4,312,21.8,42,2.9
Birmingham 081B,E01009316,1540,100,337,21.9,165,10.7,238,15.5,73,4.7,287,18.6,405,26.3,35,2.3
Birmingham 081C,E01009317,1569,100,304,19.4,227,14.5,235,15,79,5,285,18.2,392,25,47,3
Birmingham 081D,E01009318,1264,100,284,22.5,151,11.9,177,14,74,5.9,236,18.7,319,25.2,23,1.8
Birmingham 081E,E01009319,1301,100,268,20.6,139,10.7,201,15.4,78,6,272,20.9,305,23.4,38,2.9
Birmingham 081F,E01009320,1341,100,292,21.8,164,12.2,199,14.8,66,4.9,242,18,340,25.4,38,2.8
Birmingham 082A,E01009372,1240,100,446,36,170,13.7,156,12.6,23,1.9,167,13.5,237,19.1,41,3.3
Birmingham 082B,E01009373,1293,100,494,38.2,153,11.8,156,12.1,30,2.3,185,14.3,231,17.9,44,3.4
Birmingham 082D,E01009396,1624,100,580,35.7,202,12.4,221,13.6,26,1.6,233,14.3,329,20.3,33,2
Birmingham 082F,E01033643,2367,100,844,35.7,289,12.2,338,14.3,58,2.5,328,13.9,422,17.8,88,3.7
Birmingham 083A,E01009367,1337,100,489,36.6,147,11,145,10.8,33,2.5,194,14.5,291,21.8,38,2.8
Birmingham 083B,E01009375,1429,100,458,32.1,163,11.4,204,14.3,32,2.2,202,14.1,331,23.2,39,2.7
Birmingham 083C,E01009377,1025,100,384,37.5,135,13.2,140,13.7,22,2.1,142,13.9,184,18,18,1.8
Birmingham 083D,E01009383,1109,100,342,30.8,123,11.1,129,11.6,21,1.9,156,14.1,315,28.4,23,2.1
Birmingham 083E,E01009399,1116,100,394,35.3,155,13.9,162,14.5,20,1.8,145,13,206,18.5,34,3
Birmingham 084A,E01009366,1256,100,391,31.1,167,13.3,162,12.9,36,2.9,184,14.6,278,22.1,38,3
Birmingham 084B,E01009374,911,100,314,34.5,94,10.3,115,12.6,24,2.6,141,15.5,207,22.7,16,1.8
Birmingham 084C,E01009376,1202,100,369,30.7,153,12.7,139,11.6,44,3.7,187,15.6,287,23.9,23,1.9
Birmingham 084F,E01033648,2064,100,677,32.8,246,11.9,277,13.4,27,1.3,315,15.3,470,22.8,52,2.5
Birmingham 085A,E01009073,1134,100,320,28.2,145,12.8,159,14,50,4.4,159,14,251,22.1,50,4.4
Birmingham 085B,E01009074,1295,100,323,24.9,150,11.6,175,13.5,55,4.2,180,13.9,359,27.7,53,4.1
Birmingham 085C,E01009254,1551,100,372,24,171,11,172,11.1,41,2.6,212,13.7,550,35.5,33,2.1
Birmingham 085D,E01009256,1260,100,279,22.1,106,8.4,155,12.3,47,3.7,211,16.7,422,33.5,40,3.2
Birmingham 085E,E01009258,1142,100,318,27.8,172,15.1,152,13.3,60,5.3,164,14.4,248,21.7,28,2.5
Birmingham 087B,E01009071,1411,100,226,16,82,5.8,117,8.3,35,2.5,207,14.7,729,51.7,15,1.1
Birmingham 087C,E01009075,1371,100,301,22,131,9.6,101,7.4,53,3.9,202,14.7,544,39.7,39,2.8
Birmingham 087E,E01009078,1335,100,221,16.6,76,5.7,60,4.5,31,2.3,309,23.1,607,45.5,31,2.3
Birmingham 087F,E01033562,2162,100,296,13.7,150,6.9,146,6.8,48,2.2,400,18.5,1018,47.1,104,4.8
Birmingham 088C,E01009183,1314,100,126,9.6,58,4.4,104,7.9,9,0.7,152,11.6,841,64,24,1.8
Birmingham 088D,E01009186,1466,100,202,13.8,100,6.8,115,7.8,19,1.3,193,13.2,811,55.3,26,1.8
Birmingham 088F,E01034938,1487,100,402,27,175,11.8,200,13.4,22,1.5,263,17.7,365,24.5,60,4
Birmingham 088G,E01034939,1316,100,433,32.9,130,9.9,130,9.9,24,1.8,213,16.2,338,25.7,48,3.6
Birmingham 089A,E01008890,1443,100,344,23.8,148,10.3,172,11.9,58,4,273,18.9,416,28.8,32,2.2
Birmingham 089B,E01008891,1289,100,284,22,147,11.4,188,14.6,67,5.2,241,18.7,326,25.3,36,2.8
Birmingham 089C,E01008892,1126,100,341,30.3,113,10,140,12.4,47,4.2,173,15.4,273,24.2,39,3.5
Birmingham 089D,E01008893,1388,100,283,20.4,137,9.9,185,13.3,55,4,237,17.1,452,32.6,39,2.8
Birmingham 089E,E01008894,1348,100,346,25.7,132,9.8,179,13.3,56,4.2,177,13.1,413,30.6,45,3.3
Birmingham 089F,E01008895,1465,100,293,20,137,9.4,212,14.5,58,4,278,19,445,30.4,42,2.9
Birmingham 089G,E01009015,1466,100,400,27.3,163,11.1,160,10.9,57,3.9,199,13.6,443,30.2,44,3
Birmingham 090A,E01009014,1854,100,468,25.2,219,11.8,260,14,60,3.2,269,14.5,511,27.6,67,3.6
Birmingham 090B,E01009018,1565,100,426,27.2,158,10.1,228,14.6,63,4,229,14.6,414,26.5,47,3
Birmingham 090C,E01009026,1394,100,413,29.6,162,11.6,185,13.3,60,4.3,202,14.5,341,24.5,31,2.2
Birmingham 090D,E01009028,1317,100,364,27.6,159,12.1,202,15.3,41,3.1,230,17.5,271,20.6,50,3.8
Birmingham 090E,E01009029,1135,100,292,25.7,116,10.2,181,15.9,51,4.5,187,16.5,268,23.6,40,3.5
Birmingham 092A,E01009182,1318,100,346,26.3,113,8.6,132,10,42,3.2,176,13.4,462,35.1,47,3.6
Birmingham 092B,E01009184,1327,100,184,13.9,62,4.7,93,7,28,2.1,167,12.6,777,58.6,16,1.2
Birmingham 092C,E01009187,1244,100,161,12.9,50,4,99,8,34,2.7,134,10.8,744,59.8,22,1.8
Birmingham 092D,E01009188,1197,100,154,12.9,64,5.3,108,9,20,1.7,146,12.2,688,57.5,17,1.4
Birmingham 092E,E01009384,1148,100,237,20.6,113,9.8,110,9.6,18,1.6,146,12.7,502,43.7,22,1.9
Birmingham 092F,E01009385,1016,100,158,15.6,59,5.8,91,9,22,2.2,129,12.7,542,53.3,15,1.5
Birmingham 093A,E01009185,1472,100,267,18.1,78,5.3,133,9,28,1.9,169,11.5,775,52.6,22,1.5
Birmingham 093B,E01009389,1512,100,465,30.8,190,12.6,175,11.6,32,2.1,194,12.8,409,27.1,47,3.1
Birmingham 093C,E01009390,1295,100,260,20.1,128,9.9,118,9.1,25,1.9,190,14.7,553,42.7,21,1.6
Birmingham 093D,E01009394,1442,100,261,18.1,93,6.4,141,9.8,33,2.3,228,15.8,656,45.5,30,2.1
Birmingham 094A,E01008918,1297,100,361,27.8,132,10.2,218,16.8,61,4.7,206,15.9,277,21.4,42,3.2
Birmingham 094B,E01008920,1076,100,241,22.4,127,11.8,175,16.3,45,4.2,196,18.2,247,23,45,4.2
Birmingham 094C,E01008921,1169,100,267,22.8,116,9.9,149,12.7,63,5.4,204,17.5,334,28.6,36,3.1
Birmingham 094D,E01008931,1094,100,300,27.4,110,10.1,142,13,42,3.8,154,14.1,306,28,40,3.7
Birmingham 094E,E01009259,1300,100,354,27.2,146,11.2,202,15.5,55,4.2,187,14.4,303,23.3,53,4.1
Birmingham 095A,E01008919,1291,100,316,24.5,135,10.5,155,12,38,2.9,187,14.5,413,32,47,3.6
Birmingham 095B,E01009064,1155,100,280,24.2,119,10.3,130,11.3,49,4.2,161,13.9,388,33.6,28,2.4
Birmingham 095C,E01009077,1270,100,225,17.7,105,8.3,112,8.8,54,4.3,159,12.5,590,46.5,25,2
Birmingham 095D,E01009291,1146,100,273,23.8,86,7.5,143,12.5,46,4,171,14.9,392,34.2,35,3.1
Birmingham 095E,E01009500,1165,100,304,26.1,120,10.3,186,16,41,3.5,141,12.1,341,29.3,32,2.7
Birmingham 096A,E01009284,4025,100,261,6.5,90,2.2,170,4.2,51,1.3,2350,58.4,1036,25.7,67,1.7
Birmingham 096C,E01009286,2315,100,78,3.4,36,1.6,49,2.1,14,0.6,1680,72.6,439,19,19,0.8
Birmingham 096E,E01009289,2411,100,126,5.2,57,2.4,74,3.1,12,0.5,1776,73.7,344,14.3,22,0.9
Birmingham 096F,E01009290,2391,100,113,4.7,26,1.1,61,2.6,7,0.3,1770,74,388,16.2,26,1.1
Birmingham 096H,E01034940,2043,100,149,7.3,34,1.7,75,3.7,37,1.8,1134,55.5,545,26.7,69,3.4
Birmingham 096I,E01034941,2048,100,86,4.2,28,1.4,49,2.4,11,0.5,1586,77.4,273,13.3,15,0.7
Birmingham 097A,E01009017,1349,100,358,26.5,143,10.6,210,15.6,27,2,204,15.1,341,25.3,66,4.9
Birmingham 097B,E01009043,1547,100,414,26.8,152,9.8,198,12.8,45,2.9,235,15.2,443,28.6,60,3.9
Birmingham 097C,E01009044,1240,100,341,27.5,133,10.7,174,14,35,2.8,206,16.6,282,22.7,69,5.6
Birmingham 097D,E01009045,1578,100,405,25.7,148,9.4,183,11.6,43,2.7,238,15.1,506,32.1,55,3.5
Birmingham 097E,E01009046,1468,100,287,19.6,117,8,183,12.5,43,2.9,254,17.3,549,37.4,35,2.4
Birmingham 097F,E01009395,1336,100,388,29,125,9.4,153,11.5,37,2.8,206,15.4,382,28.6,45,3.4
Birmingham 098A,E01009016,1339,100,453,33.8,143,10.7,159,11.9,58,4.3,199,14.9,267,19.9,60,4.5
Birmingham 098B,E01009022,1360,100,301,22.1,143,10.5,202,14.9,59,4.3,197,14.5,405,29.8,53,3.9
Birmingham 098C,E01009023,1297,100,239,18.4,106,8.2,189,14.6,42,3.2,217,16.7,459,35.4,45,3.5
Birmingham 098D,E01009030,1444,100,256,17.7,118,8.2,170,11.8,37,2.6,243,16.8,575,39.8,45,3.1
Birmingham 099A,E01009281,1269,100,239,18.8,66,5.2,122,9.6,42,3.3,169,13.3,605,47.7,26,2
Birmingham 099B,E01009292,1277,100,180,14.1,85,6.7,114,8.9,43,3.4,203,15.9,620,48.6,32,2.5
Birmingham 099C,E01009294,1500,100,246,16.4,106,7.1,139,9.3,62,4.1,181,12.1,738,49.2,28,1.9
Birmingham 099D,E01009295,1447,100,248,17.1,86,5.9,111,7.7,46,3.2,396,27.4,520,35.9,40,2.8
Birmingham 100A,E01009280,1410,100,218,15.5,90,6.4,149,10.6,50,3.5,252,17.9,631,44.8,20,1.4
Birmingham 100B,E01009282,1458,100,280,19.2,135,9.3,145,9.9,54,3.7,276,18.9,529,36.3,39,2.7
Birmingham 100C,E01009288,1194,100,207,17.3,56,4.7,64,5.4,24,2,186,15.6,627,52.5,30,2.5
Birmingham 100D,E01009293,1283,100,204,15.9,90,7,117,9.1,32,2.5,290,22.6,523,40.8,27,2.1
Birmingham 100E,E01009296,1204,100,173,14.4,94,7.8,112,9.3,27,2.2,197,16.4,566,47,35,2.9
Birmingham 101A,E01008924,1231,100,302,24.5,102,8.3,151,12.3,68,5.5,177,14.4,399,32.4,32,2.6
Birmingham 101B,E01009501,1101,100,294,26.7,130,11.8,158,14.4,46,4.2,161,14.6,280,25.4,32,2.9
Birmingham 101C,E01009502,1066,100,280,26.3,134,12.6,157,14.7,55,5.2,157,14.7,241,22.6,42,3.9
Birmingham 101D,E01009503,1200,100,357,29.8,153,12.8,153,12.8,57,4.8,194,16.2,254,21.2,32,2.7
Birmingham 101E,E01009505,1221,100,287,23.5,141,11.5,185,15.2,60,4.9,175,14.3,330,27,43,3.5
Birmingham 102A,E01008917,1017,100,208,20.5,121,11.9,149,14.7,54,5.3,177,17.4,273,26.8,35,3.4
Birmingham 102B,E01008923,1142,100,337,29.5,137,12,169,14.8,50,4.4,181,15.8,223,19.5,45,3.9
Birmingham 102C,E01008925,1006,100,211,21,119,11.8,159,15.8,65,6.5,163,16.2,245,24.4,44,4.4
Birmingham 102D,E01008927,1003,100,303,30.2,119,11.9,152,15.2,58,5.8,146,14.6,194,19.3,31,3.1
Birmingham 102E,E01008928,1218,100,362,29.7,161,13.2,187,15.4,55,4.5,169,13.9,252,20.7,32,2.6
Birmingham 103A,E01009019,1286,100,364,28.3,157,12.2,209,16.3,43,3.3,193,15,279,21.7,41,3.2
Birmingham 103B,E01009020,1195,100,348,29.1,151,12.6,183,15.3,50,4.2,171,14.3,253,21.2,39,3.3
Birmingham 103C,E01009021,1231,100,323,26.2,151,12.3,189,15.4,41,3.3,207,16.8,283,23,37,3
Birmingham 103D,E01009024,1276,100,362,28.4,126,9.9,199,15.6,51,4,187,14.7,293,23,58,4.5
Birmingham 103E,E01009025,1163,100,319,27.4,131,11.3,195,16.8,54,4.6,188,16.2,248,21.3,28,2.4
Birmingham 103F,E01009033,1366,100,327,23.9,149,10.9,242,17.7,53,3.9,246,18,310,22.7,39,2.9
Birmingham 104A,E01009175,1166,100,124,10.6,78,6.7,124,10.6,28,2.4,154,13.2,645,55.3,13,1.1
Birmingham 104B,E01009177,1209,100,173,14.3,71,5.9,114,9.4,26,2.2,159,13.2,649,53.7,17,1.4
Birmingham 104C,E01009178,1356,100,221,16.3,82,6,130,9.6,33,2.4,184,13.6,687,50.7,19,1.4
Birmingham 104D,E01009179,1359,100,194,14.3,82,6,149,11,51,3.8,196,14.4,654,48.1,33,2.4
Birmingham 104E,E01009189,1145,100,119,10.4,63,5.5,96,8.4,32,2.8,137,12,674,58.9,24,2.1
Birmingham 105A,E01008933,1232,100,261,21.2,123,10,143,11.6,40,3.2,187,15.2,445,36.1,33,2.7
Birmingham 105B,E01008934,1210,100,205,16.9,87,7.2,149,12.3,24,2,199,16.4,514,42.5,32,2.6
Birmingham 105C,E01009031,1462,100,237,16.2,129,8.8,196,13.4,43,2.9,241,16.5,577,39.5,39,2.7
Birmingham 105D,E01009037,1544,100,316,20.5,151,9.8,165,10.7,67,4.3,242,15.7,571,37,32,2.1
Birmingham 105E,E01009176,1383,100,265,19.2,118,8.5,162,11.7,40,2.9,204,14.8,558,40.3,36,2.6
Birmingham 106C,E01008929,1192,100,338,28.4,162,13.6,175,14.7,52,4.4,168,14.1,247,20.7,50,4.2
Birmingham 106D,E01008930,1464,100,262,17.9,139,9.5,200,13.7,57,3.9,268,18.3,520,35.5,18,1.2
Birmingham 106E,E01009495,966,100,252,26.1,123,12.7,142,14.7,32,3.3,159,16.5,241,24.9,17,1.8
Birmingham 106F,E01033629,1949,100,474,24.3,201,10.3,287,14.7,90,4.6,369,18.9,464,23.8,64,3.3
Birmingham 107A,E01008953,1234,100,231,18.7,155,12.6,160,13,33,2.7,215,17.4,413,33.5,27,2.2
Birmingham 107B,E01008963,1154,100,247,21.4,94,8.1,142,12.3,44,3.8,168,14.6,436,37.8,23,2
Birmingham 107C,E01008964,1174,100,292,24.9,108,9.2,138,11.8,48,4.1,160,13.6,393,33.5,35,3
Birmingham 107D,E01008965,1171,100,181,15.5,84,7.2,140,12,47,4,163,13.9,549,46.9,7,0.6
Birmingham 107E,E01008966,1326,100,336,25.3,135,10.2,189,14.3,34,2.6,203,15.3,399,30.1,30,2.3
Birmingham 108A,E01009032,1472,100,311,21.1,146,9.9,196,13.3,46,3.1,213,14.5,517,35.1,43,2.9
Birmingham 108B,E01009034,1399,100,283,20.2,128,9.1,164,11.7,39,2.8,208,14.9,538,38.5,39,2.8
Birmingham 108C,E01009035,1418,100,294,20.7,136,9.6,181,12.8,59,4.2,244,17.2,464,32.7,40,2.8
Birmingham 108D,E01009036,1260,100,271,21.5,112,8.9,168,13.3,35,2.8,208,16.5,446,35.4,20,1.6
Birmingham 109A,E01009494,1218,100,297,24.4,174,14.3,186,15.3,66,5.4,215,17.7,241,19.8,39,3.2
Birmingham 109B,E01009496,1222,100,239,19.6,112,9.2,151,12.4,65,5.3,203,16.6,421,34.5,31,2.5
Birmingham 109C,E01009497,1440,100,285,19.8,150,10.4,165,11.5,69,4.8,274,19,458,31.8,39,2.7
Birmingham 109D,E01009504,1273,100,201,15.8,92,7.2,141,11.1,42,3.3,142,11.2,613,48.2,42,3.3
Birmingham 109E,E01009506,1191,100,189,15.9,82,6.9,125,10.5,51,4.3,180,15.1,528,44.3,36,3
Birmingham 110A,E01008967,1290,100,214,16.6,77,6,149,11.6,42,3.3,174,13.5,598,46.4,36,2.8
Birmingham 110B,E01008968,1442,100,193,13.4,97,6.7,158,11,67,4.6,196,13.6,698,48.4,33,2.3
Birmingham 110C,E01008970,1131,100,207,18.3,103,9.1,154,13.6,56,5,179,15.8,397,35.1,35,3.1
Birmingham 110D,E01008981,1255,100,146,11.6,98,7.8,124,9.9,34,2.7,129,10.3,694,55.3,30,2.4
Birmingham 111A,E01008932,1248,100,313,25.1,143,11.5,165,13.2,43,3.4,201,16.1,346,27.7,37,3
Birmingham 111B,E01008935,1310,100,379,28.9,145,11.1,185,14.1,47,3.6,206,15.7,307,23.4,41,3.1
Birmingham 111C,E01008936,1293,100,309,23.9,94,7.3,156,12.1,39,3,192,14.8,466,36,37,2.9
Birmingham 111D,E01008938,1187,100,305,25.7,129,10.9,193,16.3,50,4.2,199,16.8,262,22.1,49,4.1
Birmingham 111E,E01008939,1309,100,373,28.5,137,10.5,180,13.8,56,4.3,193,14.7,321,24.5,49,3.7
Birmingham 112A,E01008951,1134,100,157,13.8,69,6.1,131,11.6,40,3.5,164,14.5,548,48.3,25,2.2
Birmingham 112B,E01008952,1523,100,210,13.8,106,7,162,10.6,27,1.8,253,16.6,747,49,18,1.2
Birmingham 112C,E01008955,1397,100,189,13.5,98,7,150,10.7,41,2.9,169,12.1,711,50.9,39,2.8
Birmingham 112D,E01008956,1122,100,195,17.4,62,5.5,118,10.5,31,2.8,132,11.8,573,51.1,11,1
Birmingham 112E,E01008957,1274,100,201,15.8,121,9.5,177,13.9,56,4.4,235,18.4,461,36.2,23,1.8
Birmingham 113A,E01008950,1220,100,277,22.7,95,7.8,169,13.9,53,4.3,157,12.9,444,36.4,25,2
Birmingham 113B,E01008954,1179,100,232,19.7,103,8.7,163,13.8,47,4,181,15.4,428,36.3,25,2.1
Birmingham 113C,E01008958,1264,100,298,23.6,140,11.1,181,14.3,41,3.2,193,15.3,360,28.5,51,4
Birmingham 113D,E01009493,1535,100,403,26.3,141,9.2,141,9.2,55,3.6,159,10.4,597,38.9,39,2.5
Birmingham 115A,E01008937,1182,100,328,27.7,112,9.5,169,14.3,56,4.7,188,15.9,300,25.4,29,2.5
Birmingham 115B,E01008940,1184,100,354,29.9,126,10.6,201,17,50,4.2,166,14,251,21.2,36,3
Birmingham 115C,E01008941,1190,100,288,24.2,131,11,202,17,49,4.1,205,17.2,278,23.4,37,3.1
Birmingham 115D,E01008944,1331,100,269,20.2,135,10.1,214,16.1,53,4,241,18.1,388,29.2,31,2.3
Birmingham 116A,E01008959,1437,100,282,19.6,111,7.7,159,11.1,49,3.4,222,15.4,579,40.3,35,2.4
Birmingham 116B,E01008960,1274,100,127,10,84,6.6,123,9.7,47,3.7,161,12.6,722,56.7,10,0.8
Birmingham 116C,E01008961,1228,100,211,17.2,86,7,154,12.5,59,4.8,206,16.8,490,39.9,22,1.8
Birmingham 116D,E01008962,1506,100,309,20.5,195,12.9,208,13.8,62,4.1,244,16.2,452,30,36,2.4
Birmingham 117A,E01008942,1231,100,324,26.3,169,13.7,199,16.2,36,2.9,224,18.2,252,20.5,27,2.2
Birmingham 117B,E01008943,1145,100,327,28.6,113,9.9,175,15.3,58,5.1,183,16,271,23.7,18,1.6
Birmingham 117C,E01008969,1347,100,255,18.9,104,7.7,157,11.7,60,4.5,212,15.7,529,39.3,30,2.2
Birmingham 117D,E01008971,1405,100,256,18.2,109,7.8,187,13.3,56,4,210,14.9,553,39.4,34,2.4
Birmingham 118A,E01008972,1467,100,402,27.4,159,10.8,207,14.1,65,4.4,242,16.5,352,24,40,2.7
Birmingham 118B,E01008973,1546,100,290,18.8,150,9.7,201,13,82,5.3,270,17.5,509,32.9,44,2.8
Birmingham 118C,E01008974,2235,100,320,14.3,184,8.2,318,14.2,89,4,414,18.5,870,38.9,40,1.8
Birmingham 118D,E01008975,1230,100,244,19.8,119,9.7,159,12.9,72,5.9,241,19.6,362,29.4,33,2.7
Birmingham 119A,E01009172,1097,100,342,31.2,108,9.8,181,16.5,44,4,153,13.9,248,22.6,21,1.9
Birmingham 119B,E01009173,1249,100,302,24.2,137,11,212,17,56,4.5,221,17.7,300,24,21,1.7
Birmingham 119C,E01009174,952,100,288,30.3,101,10.6,154,16.2,50,5.3,177,18.6,157,16.5,25,2.6
Birmingham 119D,E01009498,1259,100,342,27.2,143,11.4,199,15.8,54,4.3,177,14.1,311,24.7,33,2.6
Birmingham 119E,E01009499,1350,100,353,26.1,149,11,205,15.2,64,4.7,215,15.9,330,24.4,34,2.5
Birmingham 120A,E01009205,1245,100,196,15.7,122,9.8,157,12.6,53,4.3,222,17.8,468,37.6,27,2.2
Birmingham 120B,E01009206,1287,100,249,19.3,117,9.1,169,13.1,67,5.2,224,17.4,432,33.6,29,2.3
Birmingham 120C,E01009211,1231,100,201,16.3,130,10.6,201,16.3,76,6.2,220,17.9,369,30,34,2.8
Birmingham 120D,E01009218,1297,100,204,15.7,110,8.5,135,10.4,52,4,151,11.6,609,47,36,2.8
Birmingham 120E,E01009219,1160,100,247,21.3,121,10.4,145,12.5,65,5.6,204,17.6,342,29.5,36,3.1
Birmingham 121A,E01008976,1189,100,314,26.4,153,12.9,181,15.2,51,4.3,183,15.4,274,23,33,2.8
Birmingham 121B,E01008978,1019,100,390,38.3,133,13.1,89,8.7,33,3.2,144,14.1,161,15.8,69,6.8
Birmingham 121C,E01008979,1192,100,345,28.9,144,12.1,191,16,61,5.1,213,17.9,206,17.3,32,2.7
Birmingham 121D,E01008980,1251,100,403,32.2,182,14.5,177,14.1,51,4.1,203,16.2,196,15.7,39,3.1
Birmingham 122A,E01008945,1422,100,341,24,187,13.2,231,16.2,61,4.3,258,18.1,313,22,31,2.2
Birmingham 122B,E01008946,1236,100,334,27,144,11.7,172,13.9,77,6.2,227,18.4,251,20.3,31,2.5
Birmingham 122C,E01008947,1071,100,219,20.4,164,15.3,178,16.6,58,5.4,198,18.5,228,21.3,26,2.4
Birmingham 122D,E01008948,1186,100,257,21.7,144,12.1,174,14.7,66,5.6,234,19.7,268,22.6,43,3.6
Birmingham 122E,E01008949,988,100,164,16.6,125,12.7,162,16.4,75,7.6,169,17.1,263,26.6,30,3
Birmingham 123A,E01008977,1227,100,263,21.4,127,10.4,198,16.1,62,5.1,228,18.6,324,26.4,25,2
Birmingham 123B,E01009109,963,100,223,23.2,132,13.7,160,16.6,35,3.6,156,16.2,252,26.2,5,0.5
Birmingham 123C,E01009119,1170,100,234,20,125,10.7,125,10.7,51,4.4,181,15.5,424,36.2,30,2.6
Birmingham 123D,E01009120,1373,100,299,21.8,127,9.2,210,15.3,60,4.4,235,17.1,407,29.6,35,2.5
Birmingham 124A,E01009162,1269,100,257,20.3,133,10.5,219,17.3,54,4.3,222,17.5,342,27,42,3.3
Birmingham 124B,E01009207,1316,100,258,19.6,129,9.8,166,12.6,65,4.9,258,19.6,403,30.6,37,2.8
Birmingham 124C,E01009208,1371,100,226,16.5,147,10.7,191,13.9,93,6.8,240,17.5,422,30.8,52,3.8
Birmingham 124D,E01009209,1685,100,368,21.8,181,10.7,266,15.8,94,5.6,287,17,449,26.6,40,2.4
Birmingham 124E,E01009213,1324,100,365,27.6,143,10.8,177,13.4,58,4.4,248,18.7,298,22.5,35,2.6
Birmingham 125B,E01009155,1094,100,402,36.7,150,13.7,173,15.8,46,4.2,158,14.4,139,12.7,26,2.4
Birmingham 125D,E01009157,1116,100,341,30.6,147,13.2,177,15.9,64,5.7,178,15.9,180,16.1,29,2.6
Birmingham 125E,E01009160,1161,100,327,28.2,156,13.4,207,17.8,54,4.7,174,15,204,17.6,39,3.4
Birmingham 125F,E01009161,1121,100,351,31.3,137,12.2,158,14.1,51,4.5,185,16.5,216,19.3,23,2.1
Birmingham 125H,E01034942,1314,100,173,13.2,124,9.4,178,13.5,43,3.3,248,18.9,511,38.9,37,2.8
Birmingham 125I,E01034943,1312,100,456,34.8,177,13.5,182,13.9,59,4.5,229,17.5,182,13.9,27,2.1
Birmingham 126A,E01009117,1445,100,376,26,192,13.3,216,14.9,62,4.3,255,17.6,296,20.5,48,3.3
Birmingham 126B,E01009210,1432,100,332,23.2,186,13,201,14,84,5.9,229,16,366,25.6,34,2.4
Birmingham 126C,E01009212,1348,100,377,28,175,13,207,15.4,69,5.1,228,16.9,263,19.5,29,2.2
Birmingham 126D,E01009214,1308,100,341,26.1,157,12,210,16.1,48,3.7,245,18.7,259,19.8,48,3.7
Birmingham 126E,E01009215,1417,100,449,31.7,157,11.1,211,14.9,80,5.6,182,12.8,300,21.2,38,2.7
Birmingham 127A,E01009108,857,100,145,16.9,77,9,128,14.9,45,5.3,127,14.8,307,35.8,28,3.3
Birmingham 127B,E01009111,1201,100,235,19.6,117,9.7,192,16,80,6.7,223,18.6,335,27.9,19,1.6
Birmingham 127C,E01009112,1317,100,389,29.5,122,9.3,198,15,60,4.6,219,16.6,308,23.4,21,1.6
Birmingham 127D,E01009116,1145,100,167,14.6,59,5.2,133,11.6,40,3.5,146,12.8,568,49.6,32,2.8
Birmingham 127E,E01009118,1265,100,310,24.5,148,11.7,171,13.5,73,5.8,211,16.7,311,24.6,41,3.2
Birmingham 128A,E01009107,1202,100,344,28.6,148,12.3,180,15,41,3.4,191,15.9,274,22.8,24,2
Birmingham 128B,E01009110,1075,100,280,26,137,12.7,156,14.5,55,5.1,170,15.8,251,23.3,26,2.4
Birmingham 128C,E01009113,1178,100,335,28.4,137,11.6,144,12.2,53,4.5,186,15.8,294,25,29,2.5
Birmingham 128D,E01009114,1143,100,333,29.1,147,12.9,177,15.5,48,4.2,179,15.7,220,19.2,39,3.4
Birmingham 128E,E01009115,1093,100,310,28.4,132,12.1,170,15.6,69,6.3,158,14.5,215,19.7,39,3.6
Birmingham 129A,E01009158,1703,100,443,26,186,10.9,252,14.8,68,4,277,16.3,454,26.7,23,1.4
Birmingham 129C,E01009165,1070,100,229,21.4,135,12.6,164,15.3,52,4.9,214,20,253,23.6,23,2.1
Birmingham 129D,E01009169,1341,100,258,19.2,139,10.4,200,14.9,76,5.7,291,21.7,342,25.5,35,2.6
Birmingham 129E,E01034944,1026,100,249,24.3,95,9.3,131,12.8,52,5.1,160,15.6,307,29.9,32,3.1
Birmingham 129F,E01034945,1182,100,245,20.7,143,12.1,170,14.4,59,5,193,16.3,350,29.6,22,1.9
Birmingham 130A,E01009159,1791,100,303,16.9,177,9.9,271,15.1,82,4.6,338,18.9,589,32.9,31,1.7
Birmingham 130B,E01009164,1146,100,242,21.1,126,11,184,16.1,59,5.1,231,20.2,280,24.4,24,2.1
Birmingham 130C,E01009167,1167,100,247,21.2,130,11.1,208,17.8,61,5.2,212,18.2,280,24,29,2.5
Birmingham 130D,E01009171,1300,100,274,21.1,141,10.8,203,15.6,68,5.2,243,18.7,338,26,33,2.5
Birmingham 131A,E01009166,1014,100,171,16.9,106,10.5,165,16.3,42,4.1,224,22.1,283,27.9,23,2.3
Birmingham 131B,E01009168,1220,100,269,22,148,12.1,149,12.2,79,6.5,250,20.5,295,24.2,30,2.5
Birmingham 131C,E01009170,1210,100,220,18.2,128,10.6,218,18,72,6,238,19.7,296,24.5,38,3.1
Birmingham 131D,E01009216,1586,100,419,26.4,177,11.2,196,12.4,98,6.2,269,17,387,24.4,40,2.5
Birmingham 131E,E01009217,1308,100,258,19.7,155,11.9,199,15.2,83,6.3,260,19.9,315,24.1,38,2.9
Birmingham 132A,E01009039,1375,100,234,17,132,9.6,190,13.8,69,5,196,14.3,526,38.3,28,2
Birmingham 132B,E01009040,1434,100,206,14.4,115,8,193,13.5,48,3.3,251,17.5,598,41.7,23,1.6
Birmingham 132C,E01009041,1363,100,221,16.2,139,10.2,199,14.6,48,3.5,270,19.8,460,33.7,26,1.9
Birmingham 132D,E01009042,1027,100,169,16.5,97,9.4,152,14.8,41,4,200,19.5,342,33.3,26,2.5
Birmingham 132E,E01032589,1241,100,268,21.6,134,10.8,164,13.2,51,4.1,187,15.1,397,32,40,3.2
Birmingham 133A,E01009262,1418,100,297,20.9,125,8.8,197,13.9,44,3.1,181,12.8,539,38,35,2.5
Birmingham 133B,E01009267,1513,100,383,25.3,144,9.5,160,10.6,36,2.4,225,14.9,516,34.1,49,3.2
Birmingham 133C,E01009276,1356,100,301,22.2,145,10.7,137,10.1,41,3,203,15,482,35.5,47,3.5
Birmingham 133D,E01009278,1399,100,242,17.3,124,8.9,172,12.3,38,2.7,216,15.4,563,40.2,44,3.1
Birmingham 133E,E01009279,1259,100,270,21.4,85,6.8,127,10.1,29,2.3,206,16.4,519,41.2,23,1.8
Birmingham 133F,E01032591,1310,100,297,22.7,117,8.9,148,11.3,46,3.5,192,14.7,463,35.3,47,3.6
Birmingham 134A,E01008995,1832,100,425,23.2,153,8.4,183,10,63,3.4,377,20.6,576,31.4,55,3
Birmingham 134B,E01033557,2029,100,155,7.6,49,2.4,104,5.1,36,1.8,473,23.3,1155,56.9,57,2.8
Birmingham 134C,E01033624,1313,100,168,12.8,65,5,86,6.5,16,1.2,142,10.8,803,61.2,33,2.5
Birmingham 134D,E01033626,974,100,124,12.7,54,5.5,73,7.5,28,2.9,137,14.1,535,54.9,23,2.4
Birmingham 134E,E01033640,1585,100,247,15.6,134,8.5,128,8.1,27,1.7,241,15.2,774,48.8,34,2.1
Birmingham 135B,E01033567,1040,100,73,7,33,3.2,50,4.8,22,2.1,134,12.9,705,67.8,23,2.2
Birmingham 135C,E01033615,1029,100,82,8,27,2.6,56,5.4,22,2.1,134,13,686,66.7,22,2.1
Birmingham 135D,E01033616,1136,100,170,15,97,8.5,113,9.9,28,2.5,177,15.6,519,45.7,32,2.8
Birmingham 135E,E01034946,937,100,171,18.2,57,6.1,83,8.9,23,2.5,136,14.5,446,47.6,21,2.2
Birmingham 135F,E01034947,1255,100,233,18.6,110,8.8,128,10.2,42,3.3,173,13.8,504,40.2,65,5.2
Birmingham 136A,E01009143,1327,100,380,28.6,185,13.9,157,11.8,58,4.4,198,14.9,307,23.1,42,3.2
Birmingham 136B,E01009146,2103,100,269,12.8,141,6.7,174,8.3,59,2.8,595,28.3,806,38.3,59,2.8
Birmingham 136C,E01033564,1076,100,95,8.8,50,4.6,58,5.4,17,1.6,130,12.1,704,65.4,22,2
Birmingham 136E,E01034948,1477,100,204,13.8,98,6.6,131,8.9,35,2.4,197,13.3,744,50.4,68,4.6
Birmingham 136F,E01034949,1117,100,154,13.8,47,4.2,94,8.4,33,3,153,13.7,597,53.4,39,3.5
Birmingham 137A,E01009141,1409,100,393,27.9,193,13.7,141,10,47,3.3,190,13.5,389,27.6,56,4
Birmingham 137B,E01033565,1365,100,64,4.7,41,3,69,5.1,23,1.7,197,14.4,947,69.4,24,1.8
Birmingham 137C,E01033618,1161,100,41,3.5,25,2.2,42,3.6,11,0.9,118,10.2,898,77.3,26,2.2
Birmingham 137E,E01033627,901,100,191,21.2,78,8.7,77,8.5,19,2.1,117,13,375,41.6,44,4.9
Birmingham 137F,E01034950,1076,100,27,2.5,25,2.3,54,5,15,1.4,148,13.8,793,73.7,14,1.3
Birmingham 137G,E01034951,1017,100,95,9.3,67,6.6,70,6.9,21,2.1,109,10.7,638,62.7,17,1.7
Birmingham 138A,E01033620,1039,100,98,9.4,39,3.8,66,6.4,24,2.3,156,15,636,61.2,20,1.9
Birmingham 138B,E01033622,1766,100,103,5.8,49,2.8,104,5.9,28,1.6,255,14.4,1196,67.7,31,1.8
Birmingham 138C,E01033623,1440,100,108,7.5,101,7,98,6.8,26,1.8,191,13.3,894,62.1,22,1.5
Birmingham 138D,E01033625,1600,100,72,4.5,44,2.8,67,4.2,23,1.4,154,9.6,1199,74.9,41,2.6
Birmingham 139A,E01009200,1249,100,314,25.1,163,13.1,137,11,25,2,208,16.7,368,29.5,34,2.7
Birmingham 139B,E01009327,1189,100,391,32.9,140,11.8,154,13,20,1.7,215,18.1,206,17.3,63,5.3
Birmingham 139C,E01009328,1810,100,695,38.4,231,12.8,254,14,14,0.8,250,13.8,309,17.1,57,3.1
Birmingham 139D,E01009331,1717,100,628,36.6,184,10.7,256,14.9,24,1.4,208,12.1,349,20.3,68,4
Birmingham 139E,E01009332,1373,100,459,33.4,178,13,186,13.5,48,3.5,194,14.1,255,18.6,53,3.9
Birmingham 139F,E01009333,1068,100,401,37.5,117,11,146,13.7,22,2.1,158,14.8,185,17.3,39,3.7
Birmingham 139G,E01009335,1443,100,468,32.4,196,13.6,194,13.4,42,2.9,213,14.8,270,18.7,60,4.2
Birmingham 139H,E01009344,1251,100,408,32.6,208,16.6,169,13.5,25,2,178,14.2,214,17.1,49,3.9
Birmingham 141A,E01009008,1212,100,255,21,142,11.7,151,12.5,70,5.8,210,17.3,345,28.5,39,3.2
Birmingham 141B,E01009011,1428,100,387,27.1,163,11.4,189,13.2,68,4.8,251,17.6,337,23.6,33,2.3
Birmingham 141C,E01009012,1222,100,231,18.9,128,10.5,182,14.9,71,5.8,216,17.7,367,30,27,2.2
Birmingham 141D,E01009104,1240,100,345,27.8,164,13.2,180,14.5,54,4.4,165,13.3,292,23.5,40,3.2
Birmingham 141E,E01009102,1205,100,404,33.5,153,12.7,150,12.4,44,3.7,169,14,247,20.5,38,3.2
Birmingham 141F,E01009080,857,100,228,26.6,145,16.9,141,16.5,26,3,135,15.8,155,18.1,27,3.2
Birmingham 141G,E01009079,1004,100,291,29,127,12.6,129,12.8,46,4.6,163,16.2,220,21.9,28,2.8
Birmingham 141H,E01009081,996,100,304,30.5,177,17.8,132,13.3,45,4.5,118,11.8,181,18.2,39,3.9
Birmingham 141I,E01009083,1126,100,324,28.8,88,7.8,159,14.1,60,5.3,183,16.3,275,24.4,37,3.3
Birmingham 142A,E01009339,1171,100,425,36.3,129,11,179,15.3,27,2.3,136,11.6,243,20.8,32,2.7
Birmingham 142B,E01034952,889,100,257,28.9,98,11,140,15.7,32,3.6,144,16.2,183,20.6,35,3.9
Birmingham 142C,E01034953,1133,100,418,36.9,131,11.6,132,11.7,33,2.9,139,12.3,244,21.5,36,3.2
Birmingham 142D,E01009382,1494,100,506,33.9,178,11.9,164,11,40,2.7,212,14.2,345,23.1,49,3.3
Birmingham 142E,E01009392,1307,100,429,32.8,168,12.9,150,11.5,21,1.6,188,14.4,298,22.8,53,4.1
Birmingham 143A,E01034954,1237,100,325,26.3,144,11.6,189,15.3,36,2.9,202,16.3,278,22.5,63,5.1
Birmingham 143B,E01034955,1453,100,432,29.7,190,13.1,188,12.9,25,1.7,231,15.9,337,23.2,50,3.4
Birmingham 143C,E01009391,1263,100,409,32.4,159,12.6,178,14.1,36,2.9,181,14.3,236,18.7,64,5.1
Birmingham 143D,E01009393,1248,100,423,33.9,174,13.9,154,12.3,31,2.5,152,12.2,247,19.8,67,5.4