2021 super output area - lower layer,Geog_Code,Total: All households,%,Occupancy rating of rooms: +2 or more,%,Occupancy rating of rooms: +1,%,Occupancy rating of rooms: 0,%,Occupancy rating of rooms: -1,% Occupancy rating of rooms: -1 or less,Occupancy rating of rooms: -2 or less,%
Birmingham 001A,E01009417,637,100,349,54.8,149,23.4,123,19.3,14,2.2,2,0.3
Birmingham 001B,E01009418,642,100,304,47.4,185,28.8,128,19.9,21,3.3,4,0.6
Birmingham 001C,E01009419,599,100,344,57.4,140,23.4,105,17.5,10,1.7,0,0
Birmingham 001D,E01009433,755,100,556,73.6,147,19.5,47,6.2,3,0.4,2,0.3
Birmingham 002A,E01009415,684,100,463,67.7,177,25.9,38,5.6,5,0.7,1,0.1
Birmingham 002B,E01009422,852,100,458,53.8,256,30,119,14,13,1.5,6,0.7
Birmingham 002C,E01009423,756,100,300,39.7,246,32.5,187,24.7,19,2.5,4,0.5
Birmingham 002D,E01009425,838,100,413,49.3,248,29.6,158,18.9,17,2,2,0.2
Birmingham 003A,E01009416,1066,100,732,68.7,209,19.6,102,9.6,20,1.9,3,0.3
Birmingham 003B,E01009420,650,100,418,64.3,154,23.7,72,11.1,5,0.8,1,0.2
Birmingham 003C,E01009426,613,100,473,77.2,109,17.8,26,4.2,4,0.7,1,0.2
Birmingham 003D,E01009429,579,100,437,75.5,106,18.3,26,4.5,10,1.7,0,0
Birmingham 003E,E01009431,664,100,448,67.5,152,22.9,58,8.7,4,0.6,2,0.3
Birmingham 004A,E01009421,651,100,527,81,90,13.8,28,4.3,4,0.6,2,0.3
Birmingham 004B,E01009424,722,100,388,53.7,154,21.3,151,20.9,29,4,0,0
Birmingham 004C,E01009427,682,100,357,52.3,206,30.2,110,16.1,8,1.2,1,0.1
Birmingham 004D,E01009428,639,100,541,84.7,69,10.8,24,3.8,5,0.8,0,0
Birmingham 004E,E01009430,685,100,554,80.9,69,10.1,39,5.7,20,2.9,3,0.4
Birmingham 004F,E01009468,608,100,454,74.7,83,13.7,60,9.9,11,1.8,0,0
Birmingham 005A,E01009445,792,100,214,27,199,25.1,276,34.8,93,11.7,10,1.3
Birmingham 005B,E01009446,1009,100,515,51,273,27.1,171,16.9,47,4.7,3,0.3
Birmingham 005C,E01009447,632,100,354,56,163,25.8,93,14.7,21,3.3,1,0.2
Birmingham 005D,E01009448,675,100,309,45.8,180,26.7,147,21.8,30,4.4,9,1.3
Birmingham 005E,E01009452,693,100,383,55.3,158,22.8,113,16.3,30,4.3,9,1.3
Birmingham 005F,E01009455,694,100,173,24.9,180,25.9,318,45.8,21,3,2,0.3
Birmingham 006A,E01009432,648,100,358,55.2,126,19.4,141,21.8,20,3.1,3,0.5
Birmingham 006B,E01009435,708,100,478,67.5,144,20.3,76,10.7,10,1.4,0,0
Birmingham 006C,E01009437,821,100,452,55.1,154,18.8,204,24.8,9,1.1,2,0.2
Birmingham 006D,E01009444,605,100,428,70.7,146,24.1,25,4.1,6,1,0,0
Birmingham 006E,E01009454,650,100,332,51.1,160,24.6,129,19.8,28,4.3,1,0.2
Birmingham 007A,E01009221,594,100,344,57.9,144,24.2,66,11.1,35,5.9,5,0.8
Birmingham 007B,E01009464,543,100,375,69.1,108,19.9,54,9.9,4,0.7,2,0.4
Birmingham 007C,E01009465,499,100,368,73.7,95,19,30,6,5,1,1,0.2
Birmingham 007D,E01009467,658,100,395,60,151,22.9,99,15,13,2,0,0
Birmingham 008A,E01009220,620,100,261,42.1,176,28.4,136,21.9,42,6.8,5,0.8
Birmingham 008B,E01009222,581,100,199,34.3,177,30.5,155,26.7,38,6.5,12,2.1
Birmingham 008C,E01009224,594,100,353,59.4,164,27.6,63,10.6,11,1.9,3,0.5
Birmingham 008D,E01009233,620,100,192,31,188,30.3,175,28.2,50,8.1,15,2.4
Birmingham 009A,E01009449,1111,100,384,34.6,396,35.6,293,26.4,35,3.2,3,0.3
Birmingham 009B,E01009451,640,100,308,48.1,143,22.3,156,24.4,31,4.8,2,0.3
Birmingham 009C,E01009453,523,100,394,75.3,85,16.3,32,6.1,11,2.1,1,0.2
Birmingham 009D,E01009466,657,100,436,66.4,155,23.6,62,9.4,4,0.6,0,0
Birmingham 009E,E01009471,727,100,435,59.8,168,23.1,101,13.9,22,3,1,0.1
Birmingham 010A,E01009135,596,100,414,69.5,88,14.8,88,14.8,5,0.8,1,0.2
Birmingham 010B,E01009469,587,100,443,75.5,92,15.7,41,7,9,1.5,2,0.3
Birmingham 010C,E01009470,532,100,464,87.2,41,7.7,18,3.4,7,1.3,2,0.4
Birmingham 010D,E01009472,662,100,453,68.4,133,20.1,71,10.7,4,0.6,1,0.2
Birmingham 010E,E01009473,689,100,433,62.8,118,17.1,123,17.9,13,1.9,2,0.3
Birmingham 010F,E01009474,638,100,435,68.2,106,16.6,80,12.5,16,2.5,1,0.2
Birmingham 011A,E01009127,573,100,195,34,169,29.5,155,27.1,43,7.5,11,1.9
Birmingham 011B,E01009128,522,100,205,39.3,131,25.1,129,24.7,42,8,15,2.9
Birmingham 011C,E01009130,602,100,212,35.2,145,24.1,174,28.9,58,9.6,13,2.2
Birmingham 011D,E01009131,506,100,175,34.6,138,27.3,126,24.9,51,10.1,16,3.2
Birmingham 011E,E01009133,600,100,210,35,147,24.5,199,33.2,38,6.3,6,1
Birmingham 011F,E01009134,656,100,246,37.5,155,23.6,201,30.6,45,6.9,9,1.4
Birmingham 011G,E01009137,586,100,222,37.9,144,24.6,155,26.5,53,9,12,2
Birmingham 012A,E01009434,704,100,432,61.4,196,27.8,65,9.2,10,1.4,1,0.1
Birmingham 012B,E01009436,555,100,445,80.2,82,14.8,22,4,5,0.9,1,0.2
Birmingham 012C,E01009438,595,100,374,62.9,136,22.9,77,12.9,7,1.2,1,0.2
Birmingham 012D,E01009440,643,100,432,67.2,151,23.5,52,8.1,8,1.2,0,0
Birmingham 012E,E01009450,670,100,419,62.5,147,21.9,93,13.9,9,1.3,2,0.3
Birmingham 013A,E01009223,689,100,332,48.2,190,27.6,139,20.2,24,3.5,4,0.6
Birmingham 013B,E01009225,747,100,257,34.4,186,24.9,252,33.7,43,5.8,9,1.2
Birmingham 013C,E01009227,710,100,291,41,252,35.5,140,19.7,21,3,6,0.8
Birmingham 013D,E01009228,678,100,380,56,194,28.6,78,11.5,23,3.4,3,0.4
Birmingham 014B,E01009122,665,100,196,29.5,167,25.1,237,35.6,49,7.4,16,2.4
Birmingham 014C,E01009129,567,100,217,38.3,129,22.8,166,29.3,43,7.6,12,2.1
Birmingham 014D,E01009132,590,100,217,36.8,146,24.7,165,28,54,9.2,8,1.4
Birmingham 014E,E01009136,847,100,228,26.9,247,29.2,305,36,60,7.1,7,0.8
Birmingham 014F,E01034913,431,100,156,36.2,127,29.5,116,26.9,23,5.3,9,2.1
Birmingham 014G,E01034914,703,100,200,28.4,199,28.3,233,33.1,64,9.1,7,1
Birmingham 015A,E01009457,603,100,473,78.4,94,15.6,33,5.5,3,0.5,0,0
Birmingham 015B,E01009459,640,100,442,69.1,145,22.7,43,6.7,9,1.4,1,0.2
Birmingham 015C,E01009461,518,100,405,78.2,82,15.8,24,4.6,5,1,2,0.4
Birmingham 015D,E01009463,613,100,451,73.6,117,19.1,36,5.9,6,1,3,0.5
Birmingham 016A,E01009235,630,100,420,66.7,127,20.2,52,8.3,21,3.3,10,1.6
Birmingham 016B,E01009243,731,100,382,52.3,219,30,98,13.4,23,3.1,9,1.2
Birmingham 016C,E01009245,569,100,354,62.2,130,22.8,66,11.6,14,2.5,5,0.9
Birmingham 016D,E01009246,666,100,470,70.6,141,21.2,43,6.5,9,1.4,3,0.5
Birmingham 016E,E01009247,583,100,391,67.1,124,21.3,55,9.4,8,1.4,5,0.9
Birmingham 017A,E01009226,668,100,257,38.5,248,37.1,122,18.3,35,5.2,6,0.9
Birmingham 017B,E01009229,658,100,305,46.4,220,33.4,104,15.8,23,3.5,6,0.9
Birmingham 017C,E01009230,738,100,338,45.8,201,27.2,131,17.8,61,8.3,7,0.9
Birmingham 017D,E01009231,776,100,488,62.9,176,22.7,87,11.2,19,2.4,6,0.8
Birmingham 018A,E01009001,720,100,380,52.8,191,26.5,122,16.9,24,3.3,3,0.4
Birmingham 018B,E01009003,687,100,370,53.9,139,20.2,134,19.5,36,5.2,8,1.2
Birmingham 018C,E01009456,709,100,494,69.7,118,16.6,87,12.3,10,1.4,0,0
Birmingham 018D,E01009458,734,100,273,37.2,214,29.2,232,31.6,13,1.8,2,0.3
Birmingham 018E,E01009460,811,100,288,35.5,265,32.7,230,28.4,26,3.2,2,0.2
Birmingham 018F,E01009462,770,100,410,53.2,185,24,159,20.6,15,1.9,1,0.1
Birmingham 019A,E01009234,613,100,423,69,125,20.4,59,9.6,6,1,0,0
Birmingham 019B,E01009236,599,100,370,61.8,149,24.9,69,11.5,7,1.2,4,0.7
Birmingham 019C,E01009244,807,100,418,51.8,215,26.6,148,18.3,23,2.9,3,0.4
Birmingham 019D,E01009248,707,100,512,72.4,145,20.5,36,5.1,13,1.8,1,0.1
Birmingham 020A,E01009403,608,100,245,40.3,149,24.5,163,26.8,40,6.6,11,1.8
Birmingham 020B,E01009404,626,100,200,31.9,194,31,185,29.6,35,5.6,12,1.9
Birmingham 020C,E01009405,609,100,309,50.7,134,22,124,20.4,32,5.3,10,1.6
Birmingham 020D,E01009406,758,100,214,28.2,217,28.6,269,35.5,44,5.8,14,1.8
Birmingham 020E,E01009407,694,100,330,47.6,159,22.9,162,23.3,30,4.3,13,1.9
Birmingham 021A,E01009439,602,100,362,60.1,160,26.6,67,11.1,11,1.8,2,0.3
Birmingham 021B,E01009441,638,100,297,46.6,169,26.5,143,22.4,24,3.8,5,0.8
Birmingham 021C,E01009442,592,100,444,75,113,19.1,29,4.9,4,0.7,2,0.3
Birmingham 021D,E01009443,523,100,331,63.3,128,24.5,52,9.9,10,1.9,2,0.4
Birmingham 022A,E01009123,612,100,204,33.3,208,34,141,23,44,7.2,15,2.5
Birmingham 022B,E01009124,714,100,138,19.3,153,21.4,267,37.4,124,17.4,32,4.5
Birmingham 022C,E01009125,684,100,297,43.4,182,26.6,139,20.3,53,7.7,13,1.9
Birmingham 022D,E01009232,589,100,374,63.5,118,20,70,11.9,22,3.7,5,0.8
Birmingham 023A,E01009002,789,100,183,23.2,193,24.5,301,38.1,89,11.3,23,2.9
Birmingham 023C,E01009006,749,100,341,45.5,227,30.3,148,19.8,28,3.7,5,0.7
Birmingham 023D,E01009007,902,100,266,29.5,195,21.6,239,26.5,180,20,22,2.4
Birmingham 023G,E01034915,630,100,66,10.5,152,24.1,296,47,108,17.1,8,1.3
Birmingham 023H,E01034916,653,100,312,47.8,128,19.6,184,28.2,25,3.8,4,0.6
Birmingham 024A,E01009237,580,100,291,50.2,137,23.6,109,18.8,34,5.9,9,1.6
Birmingham 024B,E01009238,630,100,344,54.6,137,21.7,107,17,34,5.4,8,1.3
Birmingham 024C,E01009240,595,100,363,61,144,24.2,66,11.1,14,2.4,8,1.3
Birmingham 024D,E01009241,591,100,371,62.8,135,22.8,61,10.3,18,3,6,1
Birmingham 024E,E01009242,637,100,323,50.7,133,20.9,110,17.3,56,8.8,15,2.4
Birmingham 025A,E01009005,728,100,228,31.3,233,32,216,29.7,42,5.8,9,1.2
Birmingham 025B,E01009009,629,100,344,54.7,144,22.9,98,15.6,34,5.4,9,1.4
Birmingham 025C,E01009098,934,100,329,35.2,319,34.2,235,25.2,34,3.6,17,1.8
Birmingham 025D,E01009100,816,100,364,44.6,236,28.9,181,22.2,30,3.7,5,0.6
Birmingham 025E,E01009105,743,100,432,58.1,171,23,108,14.5,31,4.2,1,0.1
Birmingham 026A,E01009126,540,100,370,68.5,115,21.3,41,7.6,11,2,3,0.6
Birmingham 026B,E01009408,660,100,328,49.7,137,20.8,139,21.1,46,7,10,1.5
Birmingham 026C,E01009409,839,100,315,37.5,197,23.5,223,26.6,88,10.5,16,1.9
Birmingham 026D,E01009410,815,100,375,46,164,20.1,218,26.7,43,5.3,15,1.8
Birmingham 029A,E01009096,777,100,218,28.1,296,38.1,216,27.8,42,5.4,5,0.6
Birmingham 029B,E01009097,771,100,224,29.1,287,37.2,213,27.6,39,5.1,8,1
Birmingham 029C,E01009099,803,100,158,19.7,227,28.3,364,45.3,47,5.9,7,0.9
Birmingham 029D,E01009101,609,100,205,33.7,204,33.5,172,28.2,23,3.8,5,0.8
Birmingham 029E,E01009103,682,100,194,28.4,259,38,193,28.3,31,4.5,5,0.7
Birmingham 029F,E01009106,573,100,270,47.1,161,28.1,117,20.4,22,3.8,3,0.5
Birmingham 030A,E01008915,559,100,236,42.2,156,27.9,116,20.8,41,7.3,10,1.8
Birmingham 030B,E01009411,874,100,306,35,332,38,189,21.6,37,4.2,10,1.1
Birmingham 030C,E01009412,645,100,293,45.4,152,23.6,126,19.5,60,9.3,14,2.2
Birmingham 030D,E01009413,671,100,300,44.7,163,24.3,142,21.2,44,6.6,22,3.3
Birmingham 030E,E01009414,861,100,338,39.3,255,29.6,184,21.4,64,7.4,20,2.3
Birmingham 031A,E01008998,650,100,331,50.9,129,19.8,122,18.8,51,7.8,17,2.6
Birmingham 031B,E01008999,523,100,301,57.6,87,16.6,92,17.6,27,5.2,16,3.1
Birmingham 031C,E01009000,842,100,232,27.6,178,21.1,323,38.4,94,11.2,15,1.8
Birmingham 031D,E01009013,899,100,333,37,187,20.8,294,32.7,75,8.3,10,1.1
Birmingham 031E,E01009400,575,100,236,41,147,25.6,133,23.1,45,7.8,14,2.4
Birmingham 031F,E01009401,637,100,204,32,149,23.4,183,28.7,77,12.1,24,3.8
Birmingham 031H,E01033630,597,100,70,11.7,253,42.4,227,38,41,6.9,6,1
Birmingham 031I,E01033646,851,100,163,19.2,167,19.6,409,48.1,89,10.5,23,2.7
Birmingham 032A,E01009049,577,100,255,44.2,124,21.5,142,24.6,37,6.4,19,3.3
Birmingham 032B,E01009056,751,100,227,30.2,155,20.6,243,32.4,87,11.6,39,5.2
Birmingham 032C,E01009263,626,100,212,33.9,131,20.9,212,33.9,51,8.1,20,3.2
Birmingham 032D,E01009264,684,100,46,6.7,104,15.2,292,42.7,226,33,16,2.3
Birmingham 032E,E01009265,590,100,284,48.1,132,22.4,124,21,45,7.6,5,0.8
Birmingham 033A,E01009051,543,100,186,34.3,136,25,139,25.6,49,9,33,6.1
Birmingham 033B,E01009053,442,100,112,25.3,125,28.3,105,23.8,55,12.4,45,10.2
Birmingham 033C,E01009054,435,100,186,42.8,104,23.9,78,17.9,44,10.1,23,5.3
Birmingham 033D,E01009058,499,100,160,32.1,109,21.8,109,21.8,65,13,56,11.2
Birmingham 033E,E01009061,458,100,150,32.8,111,24.2,113,24.7,43,9.4,41,9
Birmingham 033F,E01009239,559,100,166,29.7,154,27.5,150,26.8,75,13.4,14,2.5
Birmingham 034A,E01009266,595,100,280,47.1,160,26.9,86,14.5,48,8.1,21,3.5
Birmingham 034B,E01009269,502,100,247,49.2,132,26.3,86,17.1,30,6,7,1.4
Birmingham 034C,E01009270,631,100,226,35.8,127,20.1,189,30,56,8.9,33,5.2
Birmingham 034D,E01009271,516,100,234,45.3,146,28.3,96,18.6,29,5.6,11,2.1
Birmingham 034E,E01009273,494,100,243,49.2,112,22.7,97,19.6,32,6.5,10,2
Birmingham 035A,E01009050,753,100,260,34.5,201,26.7,201,26.7,58,7.7,33,4.4
Birmingham 035D,E01009057,629,100,195,31,128,20.3,198,31.5,79,12.6,29,4.6
Birmingham 035E,E01009059,571,100,181,31.7,119,20.8,175,30.6,67,11.7,29,5.1
Birmingham 035F,E01009060,476,100,123,25.8,99,20.8,162,34,54,11.3,38,8
Birmingham 035H,E01034917,504,100,196,38.9,104,20.6,120,23.8,49,9.7,35,6.9
Birmingham 035I,E01034918,548,100,152,27.7,100,18.2,167,30.5,103,18.8,26,4.7
Birmingham 036A,E01009268,433,100,234,54,116,26.8,66,15.2,11,2.5,6,1.4
Birmingham 036B,E01009272,472,100,157,33.3,124,26.3,131,27.8,44,9.3,16,3.4
Birmingham 036C,E01009274,710,100,246,34.6,156,22,189,26.6,90,12.7,29,4.1
Birmingham 036D,E01009349,560,100,217,38.8,165,29.5,117,20.9,47,8.4,14,2.5
Birmingham 036E,E01009351,549,100,247,45,153,27.9,91,16.6,37,6.7,21,3.8
Birmingham 036F,E01009354,507,100,154,30.4,123,24.3,166,32.7,41,8.1,23,4.5
Birmingham 037A,E01008899,456,100,104,22.8,89,19.5,182,39.9,50,11,31,6.8
Birmingham 037C,E01008901,606,100,146,24.1,128,21.1,207,34.2,80,13.2,45,7.4
Birmingham 037E,E01008916,485,100,155,32,106,21.9,133,27.4,51,10.5,40,8.2
Birmingham 037G,E01034919,482,100,169,35.1,105,21.8,129,26.8,46,9.5,33,6.8
Birmingham 037H,E01034920,409,100,121,29.6,84,20.5,95,23.2,60,14.7,49,12
Birmingham 039A,E01009275,502,100,186,37.1,119,23.7,112,22.3,36,7.2,49,9.8
Birmingham 039B,E01009350,477,100,203,42.6,123,25.8,79,16.6,54,11.3,18,3.8
Birmingham 039C,E01009352,489,100,205,41.9,74,15.1,103,21.1,75,15.3,32,6.5
Birmingham 039D,E01009353,474,100,209,44.1,117,24.7,81,17.1,33,7,34,7.2
Birmingham 039E,E01009355,473,100,167,35.3,93,19.7,136,28.8,56,11.8,21,4.4
Birmingham 039I,E01034921,436,100,149,34.2,112,25.7,89,20.4,58,13.3,28,6.4
Birmingham 039J,E01034922,523,100,211,40.3,147,28.1,98,18.7,36,6.9,31,5.9
Birmingham 040A,E01008905,488,100,158,32.4,107,21.9,124,25.4,64,13.1,35,7.2
Birmingham 040B,E01008907,619,100,159,25.7,128,20.7,229,37,67,10.8,36,5.8
Birmingham 040C,E01009047,552,100,159,28.8,98,17.8,199,36.1,61,11.1,35,6.3
Birmingham 040D,E01009048,640,100,194,30.3,92,14.4,230,35.9,77,12,47,7.3
Birmingham 040E,E01009062,511,100,142,27.8,109,21.3,148,29,64,12.5,48,9.4
Birmingham 041D,E01008909,551,100,126,22.9,88,16,147,26.7,118,21.4,72,13.1
Birmingham 041H,E01034923,531,100,108,20.3,125,23.5,174,32.8,83,15.6,41,7.7
Birmingham 041I,E01034924,441,100,130,29.5,65,14.7,145,32.9,59,13.4,42,9.5
Birmingham 041J,E01034925,538,100,108,20.1,144,26.8,190,35.3,74,13.8,22,4.1
Birmingham 041K,E01034926,530,100,71,13.4,116,21.9,209,39.4,78,14.7,56,10.6
Birmingham 042A,E01009084,528,100,238,45.1,123,23.3,94,17.8,43,8.1,30,5.7
Birmingham 042B,E01009085,495,100,203,41,114,23,86,17.4,60,12.1,32,6.5
Birmingham 042C,E01009087,580,100,302,52.1,162,27.9,67,11.6,36,6.2,13,2.2
Birmingham 042D,E01009089,490,100,257,52.4,117,23.9,57,11.6,35,7.1,24,4.9
Birmingham 042E,E01009090,540,100,229,42.4,104,19.3,132,24.4,46,8.5,29,5.4
Birmingham 043A,E01009201,709,100,127,17.9,160,22.6,254,35.8,123,17.3,45,6.3
Birmingham 043B,E01009202,634,100,144,22.7,120,18.9,245,38.6,94,14.8,31,4.9
Birmingham 043D,E01034927,641,100,86,13.4,161,25.1,253,39.5,100,15.6,41,6.4
Birmingham 043E,E01034928,501,100,31,6.2,99,19.8,235,46.9,107,21.4,29,5.8
Birmingham 044A,E01009082,497,100,193,38.8,126,25.4,119,23.9,42,8.5,17,3.4
Birmingham 044B,E01009086,624,100,257,41.2,153,24.5,133,21.3,52,8.3,29,4.6
Birmingham 044C,E01009480,579,100,147,25.4,147,25.4,137,23.7,89,15.4,59,10.2
Birmingham 044D,E01009481,718,100,203,28.3,176,24.5,169,23.5,105,14.6,65,9.1
Birmingham 044E,E01009486,608,100,152,25,148,24.3,157,25.8,100,16.4,51,8.4
Birmingham 044F,E01009487,569,100,152,26.7,157,27.6,141,24.8,74,13,45,7.9
Birmingham 045A,E01009088,685,100,238,34.7,265,38.7,146,21.3,27,3.9,9,1.3
Birmingham 045B,E01009091,659,100,232,35.2,201,30.5,166,25.2,48,7.3,12,1.8
Birmingham 045C,E01009305,705,100,91,12.9,218,30.9,276,39.1,101,14.3,19,2.7
Birmingham 045D,E01009307,726,100,140,19.3,240,33.1,260,35.8,81,11.2,5,0.7
Birmingham 045E,E01009309,784,100,186,23.7,208,26.5,289,36.9,89,11.4,12,1.5
Birmingham 046A,E01009304,803,100,169,21,267,33.3,254,31.6,101,12.6,12,1.5
Birmingham 046B,E01009306,709,100,215,30.3,249,35.1,190,26.8,42,5.9,13,1.8
Birmingham 046C,E01009308,762,100,149,19.6,272,35.7,230,30.2,100,13.1,11,1.4
Birmingham 046D,E01009310,807,100,191,23.7,246,30.5,261,32.3,93,11.5,16,2
Birmingham 047A,E01009348,819,100,214,26.1,245,29.9,244,29.8,80,9.8,36,4.4
Birmingham 047B,E01009358,740,100,249,33.6,172,23.2,190,25.7,88,11.9,41,5.5
Birmingham 047C,E01009359,690,100,254,36.8,182,26.4,174,25.2,59,8.6,21,3
Birmingham 047D,E01009360,956,100,182,19,284,29.7,309,32.3,131,13.7,50,5.2
Birmingham 047E,E01009361,776,100,233,30,215,27.7,222,28.6,79,10.2,27,3.5
Birmingham 048A,E01009478,622,100,118,19,151,24.3,195,31.4,110,17.7,48,7.7
Birmingham 048B,E01009479,593,100,154,26,115,19.4,174,29.3,82,13.8,68,11.5
Birmingham 048C,E01009482,473,100,116,24.5,87,18.4,131,27.7,83,17.5,56,11.8
Birmingham 048D,E01009484,490,100,89,18.2,102,20.8,161,32.9,79,16.1,59,12
Birmingham 048E,E01009485,504,100,152,30.2,110,21.8,106,21,86,17.1,50,9.9
Birmingham 049A,E01008906,511,100,100,19.6,114,22.3,168,32.9,71,13.9,58,11.4
Birmingham 049B,E01008911,639,100,70,11,153,23.9,244,38.2,130,20.3,42,6.6
Birmingham 049D,E01009347,562,100,130,23.1,117,20.8,188,33.5,102,18.1,25,4.4
Birmingham 049E,E01033559,911,100,37,4.1,347,38.1,465,51,52,5.7,10,1.1
Birmingham 049F,E01033638,669,100,114,17,130,19.4,262,39.2,126,18.8,37,5.5
Birmingham 050A,E01008910,439,100,68,15.5,86,19.6,143,32.6,81,18.5,61,13.9
Birmingham 050B,E01008913,930,100,98,10.5,206,22.2,415,44.6,168,18.1,43,4.6
Birmingham 050E,E01033561,409,100,47,11.5,85,20.8,191,46.7,58,14.2,28,6.8
Birmingham 050F,E01033617,852,100,15,1.8,143,16.8,560,65.7,128,15,6,0.7
Birmingham 050G,E01034929,520,100,58,11.2,102,19.6,203,39,114,21.9,43,8.3
Birmingham 050H,E01034930,506,100,24,4.7,68,13.4,317,62.6,62,12.3,35,6.9
Birmingham 051B,E01009483,523,100,96,18.4,135,25.8,138,26.4,89,17,65,12.4
Birmingham 051C,E01009488,720,100,139,19.3,150,20.8,261,36.2,104,14.4,66,9.2
Birmingham 051D,E01009489,518,100,114,22,121,23.4,124,23.9,87,16.8,72,13.9
Birmingham 051E,E01009491,527,100,130,24.7,91,17.3,135,25.6,81,15.4,90,17.1
Birmingham 051F,E01034931,429,100,147,34.3,98,22.8,87,20.3,53,12.4,44,10.3
Birmingham 051G,E01034932,437,100,101,23.1,67,15.3,160,36.6,83,19,26,5.9
Birmingham 052B,E01009192,612,100,201,32.8,139,22.7,122,19.9,85,13.9,65,10.6
Birmingham 052D,E01009199,543,100,98,18,163,30,180,33.1,79,14.5,23,4.2
Birmingham 052E,E01009204,714,100,102,14.3,138,19.3,303,42.4,108,15.1,63,8.8
Birmingham 052G,E01034933,410,100,139,33.9,91,22.2,86,21,59,14.4,35,8.5
Birmingham 052H,E01034934,435,100,136,31.3,111,25.5,94,21.6,66,15.2,28,6.4
Birmingham 053A,E01009151,626,100,273,43.6,153,24.4,99,15.8,63,10.1,38,6.1
Birmingham 053B,E01009152,576,100,196,34,81,14.1,160,27.8,105,18.2,34,5.9
Birmingham 053C,E01009153,821,100,275,33.5,135,16.4,280,34.1,90,11,41,5
Birmingham 053D,E01009345,499,100,165,33.1,129,25.9,138,27.7,54,10.8,13,2.6
Birmingham 053E,E01009346,526,100,158,30,147,27.9,133,25.3,65,12.4,23,4.4
Birmingham 054A,E01009092,614,100,132,21.5,172,28,216,35.2,76,12.4,18,2.9
Birmingham 054B,E01009093,647,100,120,18.5,198,30.6,212,32.8,88,13.6,29,4.5
Birmingham 054C,E01009094,547,100,177,32.4,146,26.7,153,28,55,10.1,16,2.9
Birmingham 054D,E01009298,580,100,145,25,185,31.9,182,31.4,50,8.6,18,3.1
Birmingham 054E,E01009311,558,100,172,30.8,164,29.4,143,25.6,61,10.9,18,3.2
Birmingham 054F,E01009511,484,100,166,34.3,96,19.8,136,28.1,45,9.3,41,8.5
Birmingham 055A,E01009475,608,100,159,26.2,125,20.6,173,28.5,85,14,66,10.9
Birmingham 055B,E01009476,577,100,147,25.5,111,19.2,179,31,70,12.1,70,12.1
Birmingham 055C,E01009477,530,100,161,30.4,121,22.8,135,25.5,73,13.8,40,7.5
Birmingham 055D,E01009490,636,100,176,27.7,134,21.1,186,29.2,98,15.4,42,6.6
Birmingham 055E,E01009492,538,100,145,27,108,20.1,152,28.3,73,13.6,60,11.2
Birmingham 056A,E01009095,666,100,277,41.6,217,32.6,124,18.6,35,5.3,13,2
Birmingham 056B,E01009507,572,100,143,25,130,22.7,210,36.7,74,12.9,15,2.6
Birmingham 056C,E01009508,608,100,223,36.7,172,28.3,150,24.7,49,8.1,14,2.3
Birmingham 056D,E01009509,630,100,219,34.8,136,21.6,168,26.7,61,9.7,46,7.3
Birmingham 056E,E01009510,686,100,190,27.7,117,17.1,272,39.7,92,13.4,15,2.2
Birmingham 057A,E01009297,799,100,249,31.2,213,26.7,283,35.4,41,5.1,13,1.6
Birmingham 057B,E01009299,624,100,165,26.4,198,31.7,185,29.6,59,9.5,17,2.7
Birmingham 057C,E01009300,720,100,153,21.2,225,31.2,226,31.4,91,12.6,25,3.5
Birmingham 057D,E01009301,768,100,77,10,237,30.9,338,44,93,12.1,23,3
Birmingham 057E,E01009303,714,100,136,19,207,29,276,38.7,87,12.2,8,1.1
Birmingham 058A,E01009195,674,100,198,29.4,146,21.7,148,22,117,17.4,65,9.6
Birmingham 058C,E01009197,485,100,168,34.6,117,24.1,100,20.6,53,10.9,47,9.7
Birmingham 058F,E01033649,494,100,143,28.9,110,22.3,101,20.4,78,15.8,62,12.6
Birmingham 058G,E01034935,836,100,250,29.9,217,26,180,21.5,113,13.5,76,9.1
Birmingham 060A,E01009138,676,100,375,55.5,156,23.1,79,11.7,34,5,32,4.7
Birmingham 060B,E01009139,556,100,279,50.2,92,16.5,119,21.4,43,7.7,23,4.1
Birmingham 060C,E01009140,845,100,379,44.9,171,20.2,198,23.4,78,9.2,19,2.2
Birmingham 060D,E01009145,726,100,376,51.8,96,13.2,154,21.2,81,11.2,19,2.6
Birmingham 060E,E01009147,671,100,240,35.8,104,15.5,209,31.1,101,15.1,17,2.5
Birmingham 062A,E01009512,707,100,238,33.7,227,32.1,163,23.1,66,9.3,13,1.8
Birmingham 062B,E01009514,623,100,170,27.3,204,32.7,185,29.7,47,7.5,17,2.7
Birmingham 062C,E01009516,517,100,208,40.2,145,28,117,22.6,37,7.2,10,1.9
Birmingham 062D,E01009517,700,100,281,40.1,184,26.3,175,25,42,6,18,2.6
Birmingham 063A,E01009325,509,100,117,23,106,20.8,147,28.9,77,15.1,62,12.2
Birmingham 063D,E01009342,407,100,146,35.9,93,22.9,89,21.9,47,11.5,32,7.9
Birmingham 063E,E01009343,495,100,146,29.5,115,23.2,125,25.3,61,12.3,48,9.7
Birmingham 063F,E01033642,835,100,247,29.6,184,22,217,26,108,12.9,79,9.5
Birmingham 064A,E01008986,787,100,177,22.5,123,15.6,323,41,148,18.8,16,2
Birmingham 064B,E01008987,629,100,153,24.3,115,18.3,208,33.1,132,21,21,3.3
Birmingham 064C,E01008988,983,100,195,19.8,204,20.8,438,44.6,127,12.9,19,1.9
Birmingham 064D,E01008989,925,100,151,16.3,261,28.2,381,41.2,112,12.1,20,2.2
Birmingham 064E,E01008990,512,100,214,41.8,178,34.8,95,18.6,21,4.1,4,0.8
Birmingham 064F,E01008991,574,100,424,73.9,89,15.5,45,7.8,14,2.4,2,0.3
Birmingham 066A,E01008882,671,100,155,23.1,170,25.3,235,35,76,11.3,35,5.2
Birmingham 066B,E01008896,568,100,155,27.3,140,24.6,143,25.2,94,16.5,36,6.3
Birmingham 066C,E01008898,557,100,145,26,139,25,174,31.2,69,12.4,30,5.4
Birmingham 066D,E01009326,559,100,148,26.5,95,17,164,29.3,89,15.9,63,11.3
Birmingham 066E,E01009341,523,100,81,15.5,104,19.9,230,44,75,14.3,33,6.3
Birmingham 066F,E01009513,592,100,175,29.6,146,24.7,179,30.2,61,10.3,31,5.2
Birmingham 067A,E01008881,584,100,229,39.2,133,22.8,148,25.3,50,8.6,24,4.1
Birmingham 067B,E01008897,618,100,269,43.5,143,23.1,125,20.2,55,8.9,26,4.2
Birmingham 067C,E01009515,635,100,225,35.4,178,28,182,28.7,38,6,12,1.9
Birmingham 067D,E01009518,707,100,324,45.8,192,27.2,148,20.9,28,4,15,2.1
Birmingham 067E,E01009521,615,100,357,58,142,23.1,78,12.7,31,5,7,1.1
Birmingham 069A,E01009302,611,100,350,57.3,139,22.7,95,15.5,26,4.3,1,0.2
Birmingham 069B,E01009314,749,100,302,40.3,224,29.9,162,21.6,44,5.9,17,2.3
Birmingham 069C,E01009321,816,100,122,15,243,29.8,336,41.2,85,10.4,30,3.7
Birmingham 069D,E01009322,725,100,168,23.2,181,25,290,40,75,10.3,11,1.5
Birmingham 069E,E01009323,636,100,254,39.9,173,27.2,149,23.4,47,7.4,13,2
Birmingham 070A,E01009329,711,100,214,30.1,138,19.4,169,23.8,117,16.5,73,10.3
Birmingham 070B,E01009334,432,100,155,35.9,91,21.1,100,23.1,42,9.7,44,10.2
Birmingham 070C,E01009337,493,100,142,28.8,125,25.4,115,23.3,68,13.8,43,8.7
Birmingham 070D,E01009338,428,100,146,34.1,104,24.3,83,19.4,58,13.6,37,8.6
Birmingham 070E,E01009380,504,100,166,32.9,113,22.4,143,28.4,55,10.9,27,5.4
Birmingham 071A,E01009362,492,100,57,11.6,97,19.7,205,41.7,98,19.9,35,7.1
Birmingham 071B,E01009363,572,100,103,18,111,19.4,233,40.7,80,14,45,7.9
Birmingham 071C,E01009364,555,100,75,13.5,106,19.1,235,42.3,88,15.9,51,9.2
Birmingham 071D,E01009365,588,100,122,20.7,112,19,228,38.8,85,14.5,41,7
Birmingham 071E,E01009379,678,100,113,16.7,149,22,259,38.2,105,15.5,52,7.7
Birmingham 072A,E01009312,614,100,383,62.4,119,19.4,89,14.5,18,2.9,5,0.8
Birmingham 072B,E01009324,716,100,444,62,201,28.1,55,7.7,12,1.7,4,0.6
Birmingham 072C,E01009519,595,100,403,67.7,131,22,45,7.6,11,1.8,5,0.8
Birmingham 072D,E01009520,711,100,397,55.8,137,19.3,150,21.1,20,2.8,7,1
Birmingham 073A,E01009066,878,100,429,48.9,215,24.5,216,24.6,14,1.6,4,0.5
Birmingham 073B,E01009070,677,100,378,55.8,161,23.8,101,14.9,34,5,3,0.4
Birmingham 073C,E01009252,642,100,493,76.8,95,14.8,44,6.9,5,0.8,5,0.8
Birmingham 073D,E01009260,626,100,379,60.5,154,24.6,79,12.6,8,1.3,6,1
Birmingham 073E,E01009261,726,100,489,67.4,120,16.5,91,12.5,22,3,4,0.6
Birmingham 074A,E01008984,781,100,127,16.3,190,24.3,373,47.8,85,10.9,6,0.8
Birmingham 074B,E01008994,648,100,286,44.1,146,22.5,168,25.9,45,6.9,3,0.5
Birmingham 074C,E01008996,680,100,176,25.9,158,23.2,249,36.6,77,11.3,20,2.9
Birmingham 074D,E01008997,630,100,298,47.3,170,27,119,18.9,33,5.2,10,1.6
Birmingham 075A,E01009065,632,100,411,65,128,20.3,78,12.3,11,1.7,4,0.6
Birmingham 075B,E01009067,686,100,394,57.4,207,30.2,69,10.1,15,2.2,1,0.1
Birmingham 075C,E01009068,727,100,312,42.9,208,28.6,183,25.2,20,2.8,4,0.6
Birmingham 075D,E01009069,857,100,354,41.3,236,27.5,234,27.3,30,3.5,3,0.4
Birmingham 075E,E01009072,846,100,431,50.9,210,24.8,172,20.3,23,2.7,10,1.2
Birmingham 076A,E01008885,505,100,328,65,117,23.2,45,8.9,11,2.2,4,0.8
Birmingham 076B,E01008886,692,100,293,42.3,197,28.5,179,25.9,21,3,2,0.3
Birmingham 076C,E01008888,632,100,430,68,144,22.8,47,7.4,9,1.4,2,0.3
Birmingham 076D,E01009313,631,100,362,57.4,122,19.3,94,14.9,45,7.1,8,1.3
Birmingham 077A,E01009368,413,100,105,25.4,65,15.7,126,30.5,73,17.7,44,10.7
Birmingham 077D,E01009371,521,100,162,31.1,120,23,115,22.1,71,13.6,53,10.2
Birmingham 077E,E01009397,463,100,141,30.5,83,17.9,125,27,75,16.2,39,8.4
Birmingham 077F,E01033650,721,100,198,27.5,171,23.7,190,26.4,102,14.1,60,8.3
Birmingham 078A,E01008883,636,100,233,36.6,166,26.1,156,24.5,57,9,24,3.8
Birmingham 078B,E01008884,711,100,273,38.4,190,26.7,172,24.2,44,6.2,32,4.5
Birmingham 078C,E01008887,616,100,230,37.3,164,26.6,147,23.9,61,9.9,14,2.3
Birmingham 078D,E01008889,663,100,287,43.3,142,21.4,149,22.5,63,9.5,22,3.3
Birmingham 079A,E01008982,707,100,181,25.6,213,30.1,259,36.6,48,6.8,6,0.8
Birmingham 079C,E01008992,478,100,251,52.5,137,28.7,83,17.4,6,1.3,1,0.2
Birmingham 079E,E01009283,612,100,341,55.7,135,22.1,86,14.1,34,5.6,16,2.6
Birmingham 079G,E01034936,406,100,230,56.7,120,29.6,48,11.8,4,1,4,1
Birmingham 079H,E01034937,447,100,182,40.7,85,19,161,36,17,3.8,2,0.4
Birmingham 080A,E01009249,647,100,426,65.8,132,20.4,53,8.2,29,4.5,7,1.1
Birmingham 080B,E01009250,734,100,400,54.5,190,25.9,115,15.7,27,3.7,2,0.3
Birmingham 080C,E01009251,629,100,471,74.9,112,17.8,37,5.9,7,1.1,2,0.3
Birmingham 080D,E01009253,629,100,392,62.3,128,20.3,82,13,21,3.3,6,1
Birmingham 080E,E01009255,624,100,277,44.4,180,28.8,117,18.8,43,6.9,7,1.1
Birmingham 080F,E01009257,618,100,262,42.4,155,25.1,154,24.9,37,6,10,1.6
Birmingham 081A,E01009315,838,100,265,31.6,253,30.2,266,31.7,47,5.6,7,0.8
Birmingham 081B,E01009316,793,100,330,41.6,242,30.5,177,22.3,32,4,12,1.5
Birmingham 081C,E01009317,848,100,319,37.6,246,29,192,22.6,75,8.8,16,1.9
Birmingham 081D,E01009318,638,100,257,40.3,229,35.9,111,17.4,36,5.6,5,0.8
Birmingham 081E,E01009319,625,100,418,66.9,143,22.9,49,7.8,14,2.2,1,0.2
Birmingham 081F,E01009320,655,100,391,59.7,157,24,82,12.5,19,2.9,6,0.9
Birmingham 082A,E01009372,418,100,129,30.9,112,26.8,77,18.4,60,14.4,40,9.6
Birmingham 082B,E01009373,462,100,142,30.7,111,24,110,23.8,65,14.1,34,7.4
Birmingham 082D,E01009396,508,100,157,30.9,97,19.1,129,25.4,61,12,64,12.6
Birmingham 082F,E01033643,824,100,272,33,186,22.6,175,21.2,101,12.3,90,10.9
Birmingham 083A,E01009367,552,100,137,24.8,117,21.2,162,29.3,81,14.7,55,10
Birmingham 083B,E01009375,550,100,130,23.6,126,22.9,153,27.8,85,15.5,56,10.2
Birmingham 083C,E01009377,433,100,87,20.1,93,21.5,164,37.9,55,12.7,34,7.9
Birmingham 083D,E01009383,411,100,129,31.4,74,18,139,33.8,38,9.2,31,7.5
Birmingham 083E,E01009399,421,100,138,32.8,125,29.7,83,19.7,41,9.7,34,8.1
Birmingham 084A,E01009366,537,100,116,21.6,112,20.9,173,32.2,90,16.8,46,8.6
Birmingham 084B,E01009374,440,100,82,18.6,84,19.1,184,41.8,51,11.6,39,8.9
Birmingham 084C,E01009376,541,100,124,22.9,100,18.5,221,40.9,64,11.8,32,5.9
Birmingham 084F,E01033648,826,100,224,27.1,176,21.3,268,32.4,100,12.1,58,7
Birmingham 085A,E01009073,645,100,116,18,157,24.3,233,36.1,104,16.1,35,5.4
Birmingham 085B,E01009074,709,100,160,22.6,146,20.6,302,42.6,77,10.9,24,3.4
Birmingham 085C,E01009254,849,100,395,46.5,217,25.6,198,23.3,31,3.7,8,0.9
Birmingham 085D,E01009256,678,100,312,46,165,24.3,151,22.3,40,5.9,10,1.5
Birmingham 085E,E01009258,651,100,150,23,180,27.6,250,38.4,60,9.2,11,1.7
Birmingham 087B,E01009071,736,100,286,38.9,147,20,221,30,78,10.6,4,0.5
Birmingham 087C,E01009075,817,100,147,18,240,29.4,356,43.6,59,7.2,15,1.8
Birmingham 087E,E01009078,610,100,252,41.3,174,28.5,139,22.8,43,7,2,0.3
Birmingham 087F,E01033562,1010,100,404,40,247,24.5,256,25.3,79,7.8,24,2.4
Birmingham 088C,E01009183,578,100,394,68.2,109,18.9,52,9,11,1.9,12,2.1
Birmingham 088D,E01009186,778,100,356,45.8,213,27.4,187,24,18,2.3,4,0.5
Birmingham 088F,E01034938,517,100,177,34.2,109,21.1,132,25.5,62,12,37,7.2
Birmingham 088G,E01034939,438,100,155,35.4,79,18,127,29,53,12.1,24,5.5
Birmingham 089A,E01008890,711,100,243,34.2,181,25.5,201,28.3,75,10.5,11,1.5
Birmingham 089B,E01008891,713,100,364,51.1,180,25.2,141,19.8,25,3.5,3,0.4
Birmingham 089C,E01008892,500,100,206,41.2,128,25.6,107,21.4,44,8.8,15,3
Birmingham 089D,E01008893,727,100,349,48,149,20.5,164,22.6,59,8.1,6,0.8
Birmingham 089E,E01008894,715,100,187,26.2,188,26.3,275,38.5,52,7.3,13,1.8
Birmingham 089F,E01008895,765,100,383,50.1,228,29.8,128,16.7,23,3,3,0.4
Birmingham 089G,E01009015,787,100,255,32.4,215,27.3,251,31.9,53,6.7,13,1.7
Birmingham 090A,E01009014,812,100,251,30.9,222,27.3,201,24.8,95,11.7,43,5.3
Birmingham 090B,E01009018,720,100,298,41.4,183,25.4,168,23.3,57,7.9,14,1.9
Birmingham 090C,E01009026,711,100,238,33.5,208,29.3,168,23.6,72,10.1,25,3.5
Birmingham 090D,E01009028,622,100,206,33.1,146,23.5,162,26,75,12.1,33,5.3
Birmingham 090E,E01009029,514,100,220,42.8,125,24.3,97,18.9,58,11.3,14,2.7
Birmingham 092A,E01009182,644,100,147,22.8,122,18.9,269,41.8,90,14,16,2.5
Birmingham 092B,E01009184,721,100,320,44.4,126,17.5,229,31.8,42,5.8,4,0.6
Birmingham 092C,E01009187,652,100,283,43.4,152,23.3,189,29,22,3.4,6,0.9
Birmingham 092D,E01009188,661,100,320,48.4,138,20.9,157,23.8,39,5.9,7,1.1
Birmingham 092E,E01009384,703,100,107,15.2,165,23.5,354,50.4,67,9.5,10,1.4
Birmingham 092F,E01009385,601,100,183,30.4,125,20.8,257,42.8,31,5.2,5,0.8
Birmingham 093A,E01009185,762,100,314,41.2,178,23.4,209,27.4,52,6.8,9,1.2
Birmingham 093B,E01009389,481,100,193,40.1,115,23.9,86,17.9,49,10.2,38,7.9
Birmingham 093C,E01009390,651,100,161,24.7,97,14.9,298,45.8,84,12.9,11,1.7
Birmingham 093D,E01009394,732,100,171,23.4,195,26.6,268,36.6,85,11.6,13,1.8
Birmingham 094A,E01008918,723,100,162,22.4,136,18.8,313,43.3,90,12.4,22,3
Birmingham 094B,E01008920,550,100,278,50.5,155,28.2,91,16.5,21,3.8,5,0.9
Birmingham 094C,E01008921,623,100,269,43.2,134,21.5,152,24.4,49,7.9,19,3
Birmingham 094D,E01008931,621,100,131,21.1,151,24.3,253,40.7,67,10.8,19,3.1
Birmingham 094E,E01009259,720,100,163,22.6,164,22.8,302,41.9,73,10.1,18,2.5
Birmingham 095A,E01008919,700,100,260,37.1,158,22.6,218,31.1,54,7.7,10,1.4
Birmingham 095B,E01009064,593,100,248,41.8,165,27.8,137,23.1,32,5.4,11,1.9
Birmingham 095C,E01009077,689,100,356,51.7,196,28.4,117,17,19,2.8,1,0.1
Birmingham 095D,E01009291,587,100,221,37.6,164,27.9,156,26.6,34,5.8,12,2
Birmingham 095E,E01009500,611,100,190,31.1,178,29.1,180,29.5,49,8,14,2.3
Birmingham 096A,E01009284,992,100,278,28,231,23.3,316,31.9,140,14.1,27,2.7
Birmingham 096C,E01009286,514,100,134,26.1,102,19.8,150,29.2,112,21.8,16,3.1
Birmingham 096E,E01009289,605,100,132,21.8,102,16.9,193,31.9,155,25.6,23,3.8
Birmingham 096F,E01009290,525,100,99,18.9,98,18.7,186,35.4,131,25,11,2.1
Birmingham 096H,E01034940,440,100,120,27.3,88,20,105,23.9,109,24.8,18,4.1
Birmingham 096I,E01034941,424,100,88,20.8,74,17.5,141,33.3,113,26.7,8,1.9
Birmingham 097A,E01009017,482,100,172,35.7,111,23,112,23.2,65,13.5,22,4.6
Birmingham 097B,E01009043,600,100,269,44.8,135,22.5,124,20.7,44,7.3,28,4.7
Birmingham 097C,E01009044,454,100,175,38.5,111,24.4,92,20.3,38,8.4,38,8.4
Birmingham 097D,E01009045,700,100,238,34,186,26.6,197,28.1,54,7.7,25,3.6
Birmingham 097E,E01009046,602,100,341,56.6,102,16.9,119,19.8,32,5.3,8,1.3
Birmingham 097F,E01009395,522,100,174,33.3,80,15.3,175,33.5,58,11.1,35,6.7
Birmingham 098A,E01009016,728,100,187,25.7,189,26,281,38.6,57,7.8,14,1.9
Birmingham 098B,E01009022,593,100,286,48.2,140,23.6,123,20.7,32,5.4,12,2
Birmingham 098C,E01009023,559,100,315,56.4,131,23.4,82,14.7,20,3.6,11,2
Birmingham 098D,E01009030,625,100,283,45.3,187,29.9,113,18.1,30,4.8,12,1.9
Birmingham 099A,E01009281,697,100,337,48.4,192,27.5,154,22.1,14,2,0,0
Birmingham 099B,E01009292,666,100,435,65.3,139,20.9,58,8.7,31,4.7,3,0.5
Birmingham 099C,E01009294,807,100,429,53.2,173,21.4,165,20.4,34,4.2,6,0.7
Birmingham 099D,E01009295,670,100,284,42.4,130,19.4,199,29.7,44,6.6,13,1.9
Birmingham 100A,E01009280,743,100,384,51.7,199,26.8,140,18.8,17,2.3,3,0.4
Birmingham 100B,E01009282,695,100,298,42.9,165,23.7,203,29.2,26,3.7,3,0.4
Birmingham 100C,E01009288,449,100,267,59.5,80,17.8,68,15.1,34,7.6,0,0
Birmingham 100D,E01009293,617,100,354,57.4,133,21.6,95,15.4,26,4.2,9,1.5
Birmingham 100E,E01009296,590,100,347,58.8,130,22,77,13.1,24,4.1,12,2
Birmingham 101A,E01008924,634,100,259,40.9,199,31.4,128,20.2,38,6,10,1.6
Birmingham 101B,E01009501,570,100,170,29.8,172,30.2,160,28.1,57,10,11,1.9
Birmingham 101C,E01009502,582,100,191,32.8,142,24.4,178,30.6,55,9.5,16,2.7
Birmingham 101D,E01009503,583,100,196,33.6,158,27.1,168,28.8,51,8.7,10,1.7
Birmingham 101E,E01009505,643,100,244,37.9,192,29.9,166,25.8,33,5.1,8,1.2
Birmingham 102A,E01008917,511,100,231,45.2,144,28.2,92,18,35,6.8,9,1.8
Birmingham 102B,E01008923,643,100,88,13.7,178,27.7,288,44.8,73,11.4,16,2.5
Birmingham 102C,E01008925,508,100,268,52.8,155,30.5,65,12.8,17,3.3,3,0.6
Birmingham 102D,E01008927,601,100,133,22.1,151,25.1,265,44.1,48,8,4,0.7
Birmingham 102E,E01008928,738,100,152,20.6,194,26.3,316,42.8,59,8,17,2.3
Birmingham 103A,E01009019,602,100,196,32.6,156,25.9,165,27.4,51,8.5,34,5.6
Birmingham 103B,E01009020,557,100,221,39.7,135,24.2,136,24.4,50,9,15,2.7
Birmingham 103C,E01009021,681,100,155,22.8,234,34.4,206,30.2,66,9.7,20,2.9
Birmingham 103D,E01009024,615,100,161,26.2,168,27.3,188,30.6,70,11.4,28,4.6
Birmingham 103E,E01009025,569,100,155,27.2,180,31.6,176,30.9,42,7.4,16,2.8
Birmingham 103F,E01009033,700,100,209,29.9,190,27.1,230,32.9,62,8.9,9,1.3
Birmingham 104A,E01009175,586,100,370,63.1,113,19.3,84,14.3,17,2.9,2,0.3
Birmingham 104B,E01009177,634,100,398,62.8,117,18.5,90,14.2,20,3.2,9,1.4
Birmingham 104C,E01009178,758,100,445,58.7,140,18.5,135,17.8,30,4,8,1.1
Birmingham 104D,E01009179,638,100,394,61.8,117,18.3,101,15.8,16,2.5,10,1.6
Birmingham 104E,E01009189,590,100,376,63.7,122,20.7,68,11.5,20,3.4,4,0.7
Birmingham 105A,E01008933,545,100,295,54.1,123,22.6,79,14.5,33,6.1,15,2.8
Birmingham 105B,E01008934,547,100,328,60,109,19.9,83,15.2,23,4.2,4,0.7
Birmingham 105C,E01009031,643,100,296,46,182,28.3,118,18.4,31,4.8,16,2.5
Birmingham 105D,E01009037,758,100,385,50.8,166,21.9,160,21.1,33,4.4,14,1.8
Birmingham 105E,E01009176,676,100,301,44.5,144,21.3,170,25.1,46,6.8,15,2.2
Birmingham 106C,E01008929,698,100,141,20.2,195,27.9,287,41.1,66,9.5,9,1.3
Birmingham 106D,E01008930,790,100,286,36.2,285,36.1,178,22.5,32,4.1,9,1.1
Birmingham 106E,E01009495,536,100,173,32.3,161,30,146,27.2,47,8.8,9,1.7
Birmingham 106F,E01033629,1052,100,309,29.4,279,26.5,370,35.2,81,7.7,13,1.2
Birmingham 107A,E01008953,655,100,309,47.2,177,27,113,17.3,40,6.1,16,2.4
Birmingham 107B,E01008963,620,100,244,39.4,182,29.4,143,23.1,43,6.9,8,1.3
Birmingham 107C,E01008964,620,100,267,43.1,177,28.5,139,22.4,28,4.5,9,1.5
Birmingham 107D,E01008965,573,100,412,71.9,99,17.3,42,7.3,14,2.4,6,1
Birmingham 107E,E01008966,684,100,264,38.6,177,25.9,188,27.5,46,6.7,9,1.3
Birmingham 108A,E01009032,590,100,321,54.4,125,21.2,92,15.6,34,5.8,18,3.1
Birmingham 108B,E01009034,556,100,324,58.3,115,20.7,80,14.4,30,5.4,7,1.3
Birmingham 108C,E01009035,614,100,296,48.2,167,27.2,99,16.1,37,6,15,2.4
Birmingham 108D,E01009036,537,100,321,59.8,115,21.4,64,11.9,26,4.8,11,2
Birmingham 109A,E01009494,623,100,147,23.6,195,31.3,215,34.5,49,7.9,17,2.7
Birmingham 109B,E01009496,639,100,460,72,118,18.5,49,7.7,12,1.9,0,0
Birmingham 109C,E01009497,754,100,313,41.5,214,28.4,191,25.3,27,3.6,9,1.2
Birmingham 109D,E01009504,641,100,402,62.7,142,22.2,79,12.3,15,2.3,3,0.5
Birmingham 109E,E01009506,620,100,414,66.8,131,21.1,62,10,9,1.5,4,0.6
Birmingham 110A,E01008967,650,100,446,68.6,120,18.5,69,10.6,14,2.2,1,0.2
Birmingham 110B,E01008968,713,100,413,57.9,153,21.5,114,16,28,3.9,5,0.7
Birmingham 110C,E01008970,599,100,274,45.7,162,27,124,20.7,33,5.5,6,1
Birmingham 110D,E01008981,591,100,405,68.5,103,17.4,70,11.8,12,2,1,0.2
Birmingham 111A,E01008932,654,100,262,40.1,168,25.7,164,25.1,47,7.2,13,2
Birmingham 111B,E01008935,681,100,183,26.9,204,30,228,33.5,54,7.9,12,1.8
Birmingham 111C,E01008936,656,100,284,43.3,126,19.2,195,29.7,38,5.8,13,2
Birmingham 111D,E01008938,571,100,188,32.9,149,26.1,149,26.1,70,12.3,15,2.6
Birmingham 111E,E01008939,704,100,230,32.7,228,32.4,186,26.4,51,7.2,9,1.3
Birmingham 112A,E01008951,612,100,354,57.8,110,18,130,21.2,15,2.5,3,0.5
Birmingham 112B,E01008952,874,100,414,47.4,233,26.7,186,21.3,39,4.5,2,0.2
Birmingham 112C,E01008955,746,100,405,54.3,181,24.3,123,16.5,26,3.5,11,1.5
Birmingham 112D,E01008956,556,100,368,66.2,98,17.6,75,13.5,15,2.7,0,0
Birmingham 112E,E01008957,728,100,429,58.9,146,20.1,108,14.8,42,5.8,3,0.4
Birmingham 113A,E01008950,715,100,301,42.1,212,29.7,153,21.4,48,6.7,1,0.1
Birmingham 113B,E01008954,599,100,376,62.8,124,20.7,83,13.9,13,2.2,3,0.5
Birmingham 113C,E01008958,766,100,192,25.1,279,36.4,271,35.4,21,2.7,3,0.4
Birmingham 113D,E01009493,1019,100,107,10.5,328,32.2,493,48.4,80,7.9,11,1.1
Birmingham 115A,E01008937,629,100,247,39.3,149,23.7,191,30.4,33,5.2,9,1.4
Birmingham 115B,E01008940,581,100,179,30.8,184,31.7,160,27.5,41,7.1,17,2.9
Birmingham 115C,E01008941,578,100,211,36.5,156,27,136,23.5,60,10.4,15,2.6
Birmingham 115D,E01008944,735,100,315,42.9,175,23.8,191,26,43,5.9,11,1.5
Birmingham 116A,E01008959,804,100,318,39.6,251,31.2,208,25.9,21,2.6,6,0.7
Birmingham 116B,E01008960,625,100,438,70.1,111,17.8,68,10.9,8,1.3,0,0
Birmingham 116C,E01008961,724,100,302,41.7,175,24.2,183,25.3,63,8.7,1,0.1
Birmingham 116D,E01008962,855,100,239,28,212,24.8,286,33.5,109,12.7,9,1.1
Birmingham 117A,E01008942,628,100,215,34.2,203,32.3,146,23.2,49,7.8,15,2.4
Birmingham 117B,E01008943,569,100,183,32.2,190,33.4,154,27.1,33,5.8,9,1.6
Birmingham 117C,E01008969,689,100,459,66.6,109,15.8,103,14.9,14,2,4,0.6
Birmingham 117D,E01008971,750,100,315,42,275,36.7,129,17.2,29,3.9,2,0.3
Birmingham 118A,E01008972,758,100,299,39.4,225,29.7,176,23.2,50,6.6,8,1.1
Birmingham 118B,E01008973,879,100,375,42.7,268,30.5,196,22.3,35,4,5,0.6
Birmingham 118C,E01008974,1110,100,526,47.4,363,32.7,188,16.9,24,2.2,9,0.8
Birmingham 118D,E01008975,664,100,411,61.9,151,22.7,98,14.8,3,0.5,1,0.2
Birmingham 119A,E01009172,559,100,207,37,159,28.4,146,26.1,37,6.6,10,1.8
Birmingham 119B,E01009173,638,100,197,30.9,179,28.1,188,29.5,63,9.9,11,1.7
Birmingham 119C,E01009174,521,100,154,29.6,160,30.7,165,31.7,39,7.5,3,0.6
Birmingham 119D,E01009498,678,100,210,31,174,25.7,212,31.3,63,9.3,19,2.8
Birmingham 119E,E01009499,662,100,277,41.8,186,28.1,144,21.8,45,6.8,10,1.5
Birmingham 120A,E01009205,616,100,407,66.1,112,18.2,79,12.8,14,2.3,4,0.6
Birmingham 120B,E01009206,651,100,418,64.2,145,22.3,67,10.3,17,2.6,4,0.6
Birmingham 120C,E01009211,685,100,298,43.5,196,28.6,146,21.3,43,6.3,2,0.3
Birmingham 120D,E01009218,646,100,381,59,142,22,114,17.6,8,1.2,1,0.2
Birmingham 120E,E01009219,609,100,395,64.9,109,17.9,77,12.6,27,4.4,1,0.2
Birmingham 121A,E01008976,644,100,290,45,155,24.1,147,22.8,40,6.2,12,1.9
Birmingham 121B,E01008978,630,100,72,11.4,93,14.8,354,56.2,93,14.8,18,2.9
Birmingham 121C,E01008979,707,100,212,30,188,26.6,243,34.4,56,7.9,8,1.1
Birmingham 121D,E01008980,680,100,180,26.5,167,24.6,250,36.8,61,9,22,3.2
Birmingham 122A,E01008945,741,100,296,39.9,231,31.2,172,23.2,32,4.3,10,1.3
Birmingham 122B,E01008946,642,100,270,42.1,139,21.7,204,31.8,21,3.3,8,1.2
Birmingham 122C,E01008947,539,100,232,43,163,30.2,107,19.9,26,4.8,11,2
Birmingham 122D,E01008948,618,100,395,63.9,144,23.3,59,9.5,19,3.1,1,0.2
Birmingham 122E,E01008949,508,100,337,66.3,121,23.8,43,8.5,6,1.2,1,0.2
Birmingham 123A,E01008977,703,100,306,43.5,186,26.5,171,24.3,36,5.1,4,0.6
Birmingham 123B,E01009109,517,100,117,22.6,162,31.3,161,31.1,60,11.6,17,3.3
Birmingham 123C,E01009119,659,100,339,51.4,162,24.6,138,20.9,18,2.7,2,0.3
Birmingham 123D,E01009120,776,100,331,42.7,288,37.1,128,16.5,25,3.2,4,0.5
Birmingham 124A,E01009162,635,100,380,59.8,120,18.9,111,17.5,21,3.3,3,0.5
Birmingham 124B,E01009207,664,100,420,63.3,183,27.6,50,7.5,11,1.7,0,0
Birmingham 124C,E01009208,704,100,482,68.5,153,21.7,51,7.2,18,2.6,0,0
Birmingham 124D,E01009209,948,100,381,40.2,301,31.8,213,22.5,47,5,6,0.6
Birmingham 124E,E01009213,755,100,386,51.1,152,20.1,173,22.9,38,5,6,0.8
Birmingham 125B,E01009155,586,100,180,30.7,158,27,192,32.8,41,7,15,2.6
Birmingham 125D,E01009157,616,100,170,27.6,163,26.5,222,36,51,8.3,10,1.6
Birmingham 125E,E01009160,710,100,131,18.5,173,24.4,322,45.4,72,10.1,12,1.7
Birmingham 125F,E01009161,610,100,190,31.1,176,28.9,189,31,48,7.9,7,1.1
Birmingham 125H,E01034942,670,100,192,28.7,240,35.8,177,26.4,49,7.3,12,1.8
Birmingham 125I,E01034943,730,100,211,28.9,184,25.2,271,37.1,55,7.5,9,1.2
Birmingham 126A,E01009117,800,100,146,18.2,241,30.1,327,40.9,73,9.1,13,1.6
Birmingham 126B,E01009210,829,100,309,37.3,244,29.4,212,25.6,60,7.2,4,0.5
Birmingham 126C,E01009212,772,100,192,24.9,233,30.2,264,34.2,70,9.1,13,1.7
Birmingham 126D,E01009214,766,100,152,19.8,220,28.7,321,41.9,64,8.4,9,1.2
Birmingham 126E,E01009215,933,100,159,17,319,34.2,371,39.8,76,8.1,8,0.9
Birmingham 127A,E01009108,435,100,286,65.7,100,23,40,9.2,7,1.6,2,0.5
Birmingham 127B,E01009111,597,100,351,58.8,113,18.9,102,17.1,27,4.5,4,0.7
Birmingham 127C,E01009112,635,100,305,48,175,27.6,131,20.6,18,2.8,6,0.9
Birmingham 127D,E01009116,571,100,406,71.1,110,19.3,48,8.4,6,1.1,1,0.2
Birmingham 127E,E01009118,679,100,268,39.5,149,21.9,207,30.5,42,6.2,13,1.9
Birmingham 128A,E01009107,696,100,168,24.1,130,18.7,306,44,79,11.4,13,1.9
Birmingham 128B,E01009110,606,100,193,31.8,151,24.9,205,33.8,52,8.6,5,0.8
Birmingham 128C,E01009113,704,100,151,21.4,200,28.4,293,41.6,51,7.2,9,1.3
Birmingham 128D,E01009114,650,100,273,42,164,25.2,174,26.8,31,4.8,8,1.2
Birmingham 128E,E01009115,608,100,231,38,136,22.4,183,30.1,50,8.2,8,1.3
Birmingham 129A,E01009158,895,100,293,32.7,304,34,245,27.4,43,4.8,10,1.1
Birmingham 129C,E01009165,643,100,170,26.4,163,25.3,210,32.7,89,13.8,11,1.7
Birmingham 129D,E01009169,701,100,407,58.1,171,24.4,101,14.4,18,2.6,4,0.6
Birmingham 129E,E01034944,662,100,158,23.9,262,39.6,219,33.1,23,3.5,0,0
Birmingham 129F,E01034945,636,100,227,35.7,166,26.1,203,31.9,35,5.5,5,0.8
Birmingham 130A,E01009159,913,100,434,47.5,249,27.3,194,21.2,30,3.3,6,0.7
Birmingham 130B,E01009164,625,100,272,43.5,185,29.6,135,21.6,32,5.1,1,0.2
Birmingham 130C,E01009167,589,100,304,51.6,159,27,102,17.3,21,3.6,3,0.5
Birmingham 130D,E01009171,720,100,226,31.4,234,32.5,210,29.2,41,5.7,9,1.2
Birmingham 131A,E01009166,565,100,255,45.1,171,30.3,103,18.2,32,5.7,4,0.7
Birmingham 131B,E01009168,649,100,351,54.1,209,32.2,65,10,21,3.2,3,0.5
Birmingham 131C,E01009170,634,100,258,40.7,242,38.2,108,17,24,3.8,2,0.3
Birmingham 131D,E01009216,836,100,364,43.5,250,29.9,166,19.9,42,5,14,1.7
Birmingham 131E,E01009217,661,100,368,55.7,192,29,77,11.6,22,3.3,2,0.3
Birmingham 132A,E01009039,651,100,405,62.2,166,25.5,59,9.1,19,2.9,2,0.3
Birmingham 132B,E01009040,614,100,439,71.5,106,17.3,45,7.3,19,3.1,5,0.8
Birmingham 132C,E01009041,637,100,420,65.9,123,19.3,65,10.2,22,3.5,7,1.1
Birmingham 132D,E01009042,526,100,322,61.2,129,24.5,59,11.2,11,2.1,5,1
Birmingham 132E,E01032589,602,100,298,49.5,163,27.1,122,20.3,13,2.2,6,1
Birmingham 133A,E01009262,530,100,275,51.9,118,22.3,87,16.4,33,6.2,17,3.2
Birmingham 133B,E01009267,599,100,250,41.7,126,21,147,24.5,66,11,10,1.7
Birmingham 133C,E01009276,541,100,317,58.6,123,22.7,59,10.9,23,4.3,19,3.5
Birmingham 133D,E01009278,544,100,295,54.2,140,25.7,80,14.7,20,3.7,9,1.7
Birmingham 133E,E01009279,452,100,274,60.6,92,20.4,55,12.2,24,5.3,7,1.5
Birmingham 133F,E01032591,471,100,275,58.4,107,22.7,49,10.4,29,6.2,11,2.3
Birmingham 134A,E01008995,911,100,115,12.6,276,30.3,404,44.3,96,10.5,20,2.2
Birmingham 134B,E01033557,987,100,17,1.7,242,24.5,617,62.5,102,10.3,9,0.9
Birmingham 134C,E01033624,771,100,28,3.6,268,34.8,404,52.4,66,8.6,5,0.6
Birmingham 134D,E01033626,592,100,30,5.1,218,36.8,273,46.1,65,11,6,1
Birmingham 134E,E01033640,898,100,94,10.5,226,25.2,467,52,88,9.8,23,2.6
Birmingham 135B,E01033567,635,100,4,0.6,152,23.9,378,59.5,90,14.2,11,1.7
Birmingham 135C,E01033615,483,100,12,2.5,131,27.1,276,57.1,51,10.6,13,2.7
Birmingham 135D,E01033616,760,100,16,2.1,265,34.9,420,55.3,52,6.8,7,0.9
Birmingham 135E,E01034946,586,100,8,1.4,188,32.1,344,58.7,41,7,5,0.9
Birmingham 135F,E01034947,698,100,115,16.5,142,20.3,258,37,148,21.2,35,5
Birmingham 136A,E01009143,748,100,80,10.7,144,19.3,369,49.3,128,17.1,27,3.6
Birmingham 136B,E01009146,1047,100,45,4.3,182,17.4,672,64.2,131,12.5,17,1.6
Birmingham 136C,E01033564,720,100,22,3.1,159,22.1,376,52.2,157,21.8,6,0.8
Birmingham 136E,E01034948,907,100,75,8.3,202,22.3,535,59,77,8.5,18,2
Birmingham 136F,E01034949,739,100,36,4.9,140,18.9,471,63.7,76,10.3,16,2.2
Birmingham 137A,E01009141,812,100,96,11.8,200,24.6,330,40.6,151,18.6,35,4.3
Birmingham 137B,E01033565,873,100,22,2.5,255,29.2,555,63.6,40,4.6,1,0.1
Birmingham 137C,E01033618,759,100,55,7.2,244,32.1,371,48.9,83,10.9,6,0.8
Birmingham 137E,E01033627,507,100,57,11.2,153,30.2,222,43.8,55,10.8,20,3.9
Birmingham 137F,E01034950,702,100,19,2.7,204,29.1,391,55.7,87,12.4,1,0.1
Birmingham 137G,E01034951,599,100,53,8.8,247,41.2,252,42.1,41,6.8,6,1
Birmingham 138A,E01033620,738,100,13,1.8,143,19.4,471,63.8,105,14.2,6,0.8
Birmingham 138B,E01033622,1160,100,9,0.8,366,31.6,659,56.8,117,10.1,9,0.8
Birmingham 138C,E01033623,1067,100,66,6.2,191,17.9,704,66,104,9.7,2,0.2
Birmingham 138D,E01033625,1100,100,23,2.1,319,29,703,63.9,50,4.5,5,0.5
Birmingham 139A,E01009200,607,100,107,17.6,127,20.9,214,35.3,106,17.5,53,8.7
Birmingham 139B,E01009327,412,100,129,31.3,96,23.3,96,23.3,53,12.9,38,9.2
Birmingham 139C,E01009328,510,100,149,29.2,99,19.4,102,20,76,14.9,84,16.5
Birmingham 139D,E01009331,580,100,185,31.9,124,21.4,129,22.2,76,13.1,66,11.4
Birmingham 139E,E01009332,593,100,150,25.3,134,22.6,195,32.9,73,12.3,41,6.9
Birmingham 139F,E01009333,401,100,156,38.9,99,24.7,80,20,38,9.5,28,7
Birmingham 139G,E01009335,485,100,177,36.5,107,22.1,99,20.4,57,11.8,45,9.3
Birmingham 139H,E01009344,467,100,131,28.1,94,20.1,126,27,67,14.3,49,10.5
Birmingham 141A,E01009008,600,100,349,58.2,140,23.3,96,16,13,2.2,2,0.3
Birmingham 141B,E01009011,790,100,387,49,197,24.9,187,23.7,18,2.3,1,0.1
Birmingham 141C,E01009012,607,100,351,57.8,160,26.4,69,11.4,24,4,3,0.5
Birmingham 141D,E01009104,622,100,197,31.7,159,25.6,199,32,55,8.8,12,1.9
Birmingham 141E,E01009102,646,100,272,42.1,176,27.2,152,23.5,34,5.3,12,1.9
Birmingham 141F,E01009080,402,100,106,26.4,95,23.6,124,30.8,58,14.4,19,4.7
Birmingham 141G,E01009079,489,100,171,35,113,23.1,127,26,63,12.9,15,3.1
Birmingham 141H,E01009081,559,100,147,26.3,159,28.4,201,36,36,6.4,16,2.9
Birmingham 141I,E01009083,547,100,201,36.7,97,17.7,169,30.9,60,11,20,3.7
Birmingham 142A,E01009339,475,100,166,34.9,99,20.8,124,26.1,65,13.7,21,4.4
Birmingham 142B,E01034952,407,100,135,33.2,107,26.3,99,24.3,43,10.6,23,5.7
Birmingham 142C,E01034953,408,100,144,35.3,113,27.7,68,16.7,56,13.7,27,6.6
Birmingham 142D,E01009382,465,100,128,27.5,114,24.5,100,21.5,76,16.3,47,10.1
Birmingham 142E,E01009392,418,100,170,40.7,96,23,67,16,62,14.8,23,5.5
Birmingham 143A,E01034954,509,100,222,43.6,113,22.2,114,22.4,31,6.1,29,5.7
Birmingham 143B,E01034955,570,100,227,39.8,138,24.2,116,20.4,61,10.7,28,4.9
Birmingham 143C,E01009391,516,100,189,36.6,132,25.6,97,18.8,65,12.6,33,6.4
Birmingham 143D,E01009393,482,100,179,37.1,105,21.8,111,23,47,9.8,40,8.3