Count,Geog_Code,Total: All usual residents aged 16 years and over,% Total: All usual residents aged 16 years and over,Economically active (excluding full-time students),% Economically active (excluding full-time students),Economically active (excluding full-time students):In employment,% Economically active (excluding full-time students):In employment,Economically active (excluding full-time students):In employment:Employee,% Economically active (excluding full-time students):In employment:Employee,Economically active (excluding full-time students): In employment: Employee: Part-time,% Economically active (excluding full-time students): In employment: Employee: Part-time,Economically active (excluding full-time students): In employment: Employee: Full-time,% Economically active (excluding full-time students): In employment: Employee: Full-time,Economically active (excluding full-time students):In employment:Self-employed with employees,% Economically active (excluding full-time students):In employment:Self-employed with employees,Economically active (excluding full-time students): In employment: Self-employed with employees: Part-time,% Economically active (excluding full-time students): In employment: Self-employed with employees: Part-time,Economically active (excluding full-time students): In employment: Self-employed with employees: Full-time,% Economically active (excluding full-time students): In employment: Self-employed with employees: Full-time,Economically active (excluding full-time students):In employment:Self-employed without employees,% Economically active (excluding full-time students):In employment:Self-employed without employees,Economically active (excluding full-time students): In employment: Self-employed without employees: Part-time,% Economically active (excluding full-time students): In employment: Self-employed without employees: Part-time,Economically active (excluding full-time students): In employment: Self-employed without employees: Full-time,% Economically active (excluding full-time students): In employment: Self-employed without employees: Full-time,Economically active (excluding full-time students): Unemployed,% Economically active (excluding full-time students): Unemployed,Economically active and a full-time student,% Economically active and a full-time student,Economically active and a full-time student:In employment,% Economically active and a full-time student:In employment,Economically active and a full-time student:In employment:Employee,% Economically active and a full-time student:In employment:Employee,Economically active and a full-time student: In employment: Employee: Part-time,% Economically active and a full-time student: In employment: Employee: Part-time,Economically active and a full-time student: In employment: Employee: Full-time,% Economically active and a full-time student: In employment: Employee: Full-time,Economically active and a full-time student:In employment:Self-employed with employees,% Economically active and a full-time student:In employment:Self-employed with employees,Economically active and a full-time student: In employment: Self-employed with employees: Part-time,% Economically active and a full-time student: In employment: Self-employed with employees: Part-time,Economically active and a full-time student: In employment: Self-employed with employees: Full-time,% Economically active and a full-time student: In employment: Self-employed with employees: Full-time,Economically active and a full-time student:In employment:Self-employed without employees, % Economically active and a full-time student:In employment:Self-employed without employees,Economically active and a full-time student: In employment: Self-employed without employees: Part-time,% Economically active and a full-time student: In employment: Self-employed without employees: Part-time,Economically active and a full-time student: In employment: Self-employed without employees: Full-time,% Economically active and a full-time student: In employment: Self-employed without employees: Full-time,Economically active and a full-time student: Unemployed,% Economically active and a full-time student: Unemployed,Economically inactive,% Economically inactive,Economically inactive: Retired,% Economically inactive: Retired,Economically inactive: Student,% Economically inactive: Student,Economically inactive: Looking after home or family,% Economically inactive: Looking after home or family,Economically inactive: Long-term sick or disabled,% Economically inactive: Long-term sick or disabled,Economically inactive: Other,% Economically inactive: Other
Birmingham 001,E02001827,5188,100,2877,55.5,2763,53.3,2278,43.9,555,10.7,1723,33.2,99,1.9,13,0.3,86,1.7,386,7.4,162,3.1,224,4.3,114,2.2,101,1.9,69,1.3,65,1.3,58,1.1,7,0.1,0,0,0,0,0,0,4,0.1,4,0.1,0,0,32,0.6,2210,42.6,1512,29.1,254,4.9,189,3.6,150,2.9,105,2
Birmingham 002,E02001828,5859,100,3173,54.2,3048,52,2484,42.4,666,11.4,1818,31,139,2.4,27,0.5,112,1.9,425,7.3,205,3.5,220,3.8,125,2.1,86,1.5,54,0.9,49,0.8,42,0.7,7,0.1,0,0,0,0,0,0,5,0.1,4,0.1,1,0,32,0.5,2600,44.4,1862,31.8,272,4.6,191,3.3,167,2.9,108,1.8
Birmingham 003,E02001829,7139,100,4403,61.7,4259,59.7,3561,49.9,888,12.4,2673,37.4,152,2.1,34,0.5,118,1.7,546,7.6,248,3.5,298,4.2,144,2,96,1.3,75,1.1,69,1,60,0.8,9,0.1,1,0,1,0,0,0,5,0.1,1,0,4,0.1,21,0.3,2640,37,1855,26,339,4.7,240,3.4,96,1.3,110,1.5
Birmingham 004,E02001830,8122,100,4516,55.6,4396,54.1,3497,43.1,884,10.9,2613,32.2,259,3.2,53,0.7,206,2.5,640,7.9,303,3.7,337,4.1,120,1.5,112,1.4,82,1,77,0.9,60,0.7,17,0.2,1,0,1,0,0,0,4,0,3,0,1,0,30,0.4,3494,43,2473,30.4,390,4.8,301,3.7,146,1.8,184,2.3
Birmingham 005,E02001831,8333,100,4946,59.4,4650,55.8,4043,48.5,1020,12.2,3023,36.3,73,0.9,13,0.2,60,0.7,534,6.4,206,2.5,328,3.9,296,3.6,150,1.8,113,1.4,106,1.3,81,1,25,0.3,3,0,1,0,2,0,4,0,4,0,0,0,37,0.4,3237,38.8,1737,20.8,350,4.2,390,4.7,472,5.7,288,3.5
Birmingham 006,E02001832,6582,100,3898,59.2,3745,56.9,3185,48.4,795,12.1,2390,36.3,101,1.5,17,0.3,84,1.3,459,7,187,2.8,272,4.1,153,2.3,97,1.5,74,1.1,73,1.1,63,1,10,0.2,1,0,1,0,0,0,0,0,0,0,0,0,23,0.3,2587,39.3,1846,28,278,4.2,199,3,140,2.1,124,1.9
Birmingham 007,E02001833,4813,100,2926,60.8,2794,58.1,2342,48.7,588,12.2,1754,36.4,79,1.6,15,0.3,64,1.3,373,7.7,139,2.9,234,4.9,132,2.7,67,1.4,45,0.9,43,0.9,33,0.7,10,0.2,1,0,1,0,0,0,1,0,1,0,0,0,22,0.5,1820,37.8,1165,24.2,230,4.8,186,3.9,112,2.3,127,2.6
Birmingham 008,E02001834,4648,100,2758,59.3,2560,55.1,2225,47.9,632,13.6,1593,34.3,37,0.8,8,0.2,29,0.6,298,6.4,95,2,203,4.4,198,4.3,113,2.4,79,1.7,66,1.4,53,1.1,13,0.3,0,0,0,0,0,0,13,0.3,12,0.3,1,0,34,0.7,1777,38.2,754,16.2,257,5.5,299,6.4,288,6.2,179,3.9
Birmingham 009,E02001835,6964,100,4300,61.7,4148,59.6,3499,50.2,743,10.7,2756,39.6,130,1.9,21,0.3,109,1.6,519,7.5,244,3.5,275,3.9,152,2.2,121,1.7,86,1.2,80,1.1,59,0.8,21,0.3,1,0,1,0,0,0,5,0.1,4,0.1,1,0,35,0.5,2543,36.5,1617,23.2,286,4.1,224,3.2,286,4.1,130,1.9
Birmingham 010,E02001836,7462,100,4299,57.6,4140,55.5,3523,47.2,848,11.4,2675,35.8,118,1.6,29,0.4,89,1.2,499,6.7,203,2.7,296,4,159,2.1,120,1.6,85,1.1,77,1,57,0.8,20,0.3,1,0,1,0,0,0,7,0.1,5,0.1,2,0,35,0.5,3043,40.8,2071,27.8,367,4.9,251,3.4,186,2.5,168,2.3
Birmingham 011,E02001837,8005,100,4386,54.8,3903,48.8,3407,42.6,1055,13.2,2352,29.4,74,0.9,13,0.2,61,0.8,422,5.3,156,1.9,266,3.3,483,6,168,2.1,113,1.4,101,1.3,75,0.9,26,0.3,0,0,0,0,0,0,12,0.1,6,0.1,6,0.1,55,0.7,3451,43.1,1093,13.7,568,7.1,625,7.8,734,9.2,431,5.4
Birmingham 012,E02001838,6340,100,3740,59,3634,57.3,3094,48.8,753,11.9,2341,36.9,103,1.6,20,0.3,83,1.3,437,6.9,193,3,244,3.8,106,1.7,97,1.5,77,1.2,76,1.2,64,1,12,0.2,1,0,1,0,0,0,0,0,0,0,0,0,20,0.3,2503,39.5,1855,29.3,229,3.6,178,2.8,127,2,114,1.8
Birmingham 013,E02001839,5181,100,3044,58.8,2856,55.1,2454,47.4,647,12.5,1807,34.9,46,0.9,12,0.2,34,0.7,356,6.9,131,2.5,225,4.3,188,3.6,77,1.5,59,1.1,55,1.1,43,0.8,12,0.2,0,0,0,0,0,0,4,0.1,3,0.1,1,0,18,0.3,2060,39.8,1153,22.3,261,5,235,4.5,260,5,151,2.9
Birmingham 014,E02001840,7271,100,3763,51.8,3394,46.7,2985,41.1,881,12.1,2104,28.9,78,1.1,19,0.3,59,0.8,331,4.6,131,1.8,200,2.8,369,5.1,169,2.3,94,1.3,80,1.1,53,0.7,27,0.4,1,0,1,0,0,0,13,0.2,6,0.1,7,0.1,75,1,3339,45.9,1161,16,552,7.6,544,7.5,739,10.2,343,4.7
Birmingham 015,E02001841,5016,100,2683,53.5,2612,52.1,2137,42.6,502,10,1635,32.6,112,2.2,27,0.5,85,1.7,363,7.2,171,3.4,192,3.8,71,1.4,69,1.4,43,0.9,41,0.8,32,0.6,9,0.2,1,0,1,0,0,0,1,0,0,0,1,0,26,0.5,2264,45.1,1671,33.3,228,4.5,152,3,116,2.3,97,1.9
Birmingham 016,E02001842,6425,100,3865,60.2,3641,56.7,3180,49.5,794,12.4,2386,37.1,74,1.2,21,0.3,53,0.8,387,6,163,2.5,224,3.5,224,3.5,135,2.1,96,1.5,88,1.4,68,1.1,20,0.3,0,0,0,0,0,0,8,0.1,7,0.1,1,0,39,0.6,2425,37.7,1243,19.3,368,5.7,308,4.8,206,3.2,300,4.7
Birmingham 017,E02001843,5299,100,3140,59.3,2927,55.2,2518,47.5,651,12.3,1867,35.2,64,1.2,25,0.5,39,0.7,345,6.5,116,2.2,229,4.3,213,4,78,1.5,60,1.1,56,1.1,41,0.8,15,0.3,0,0,0,0,0,0,4,0.1,2,0,2,0,18,0.3,2081,39.3,1146,21.6,277,5.2,291,5.5,164,3.1,203,3.8
Birmingham 018,E02001844,8177,100,4671,57.1,4451,54.4,3826,46.8,847,10.4,2979,36.4,88,1.1,15,0.2,73,0.9,537,6.6,249,3,288,3.5,220,2.7,111,1.4,80,1,73,0.9,48,0.6,25,0.3,2,0,1,0,1,0,5,0.1,3,0,2,0,31,0.4,3395,41.5,2209,27,273,3.3,281,3.4,398,4.9,234,2.9
Birmingham 019,E02001845,5196,100,3346,64.4,3152,60.7,2775,53.4,699,13.5,2076,40,73,1.4,18,0.3,55,1.1,304,5.9,114,2.2,190,3.7,194,3.7,92,1.8,67,1.3,61,1.2,44,0.8,17,0.3,0,0,0,0,0,0,6,0.1,3,0.1,3,0.1,25,0.5,1758,33.8,878,16.9,288,5.5,231,4.4,182,3.5,179,3.4
Birmingham 020,E02001846,6318,100,3569,56.5,3233,51.2,2806,44.4,810,12.8,1996,31.6,75,1.2,21,0.3,54,0.9,352,5.6,148,2.3,204,3.2,336,5.3,181,2.9,148,2.3,135,2.1,82,1.3,53,0.8,3,0,1,0,2,0,10,0.2,5,0.1,5,0.1,33,0.5,2568,40.6,956,15.1,367,5.8,436,6.9,473,7.5,336,5.3
Birmingham 021,E02001847,4574,100,2625,57.4,2503,54.7,2117,46.3,544,11.9,1573,34.4,66,1.4,14,0.3,52,1.1,320,7,132,2.9,188,4.1,122,2.7,68,1.5,55,1.2,51,1.1,41,0.9,10,0.2,1,0,1,0,0,0,3,0.1,2,0,1,0,13,0.3,1881,41.1,1309,28.6,159,3.5,161,3.5,146,3.2,106,2.3
Birmingham 022,E02001848,5374,100,2853,53.1,2537,47.2,2184,40.6,632,11.8,1552,28.9,54,1,19,0.4,35,0.7,299,5.6,143,2.7,156,2.9,316,5.9,173,3.2,123,2.3,106,2,76,1.4,30,0.6,1,0,1,0,0,0,16,0.3,16,0.3,0,0,50,0.9,2348,43.7,743,13.8,488,9.1,463,8.6,405,7.5,249,4.6
Birmingham 023,E02001849,6491,100,3753,57.8,3398,52.3,2973,45.8,751,11.6,2222,34.2,63,1,22,0.3,41,0.6,362,5.6,166,2.6,196,3,355,5.5,186,2.9,164,2.5,147,2.3,85,1.3,62,1,8,0.1,1,0,7,0.1,9,0.1,8,0.1,1,0,22,0.3,2552,39.3,823,12.7,416,6.4,562,8.7,368,5.7,383,5.9
Birmingham 024,E02001850,6631,100,3729,56.2,3420,51.6,2902,43.8,794,12,2108,31.8,100,1.5,40,0.6,60,0.9,418,6.3,192,2.9,226,3.4,309,4.7,208,3.1,162,2.4,153,2.3,118,1.8,35,0.5,1,0,1,0,0,0,8,0.1,7,0.1,1,0,46,0.7,2694,40.6,1167,17.6,547,8.2,499,7.5,226,3.4,255,3.8
Birmingham 025,E02001851,7239,100,4194,57.9,3936,54.4,3392,46.9,845,11.7,2547,35.2,86,1.2,20,0.3,66,0.9,458,6.3,171,2.4,287,4,258,3.6,137,1.9,109,1.5,96,1.3,68,0.9,28,0.4,0,0,0,0,0,0,13,0.2,7,0.1,6,0.1,28,0.4,2908,40.2,1412,19.5,377,5.2,406,5.6,442,6.1,271,3.7
Birmingham 026,E02001852,5592,100,3082,55.1,2769,49.5,2391,42.8,646,11.6,1745,31.2,63,1.1,13,0.2,50,0.9,315,5.6,137,2.4,178,3.2,313,5.6,173,3.1,129,2.3,115,2.1,78,1.4,37,0.7,2,0,1,0,1,0,12,0.2,11,0.2,1,0,44,0.8,2337,41.8,910,16.3,342,6.1,366,6.5,384,6.9,335,6
Birmingham 029,E02001855,7736,100,4099,53,3666,47.4,3328,43,975,12.6,2353,30.4,46,0.6,9,0.1,37,0.5,292,3.8,107,1.4,185,2.4,433,5.6,139,1.8,103,1.3,100,1.3,68,0.9,32,0.4,0,0,0,0,0,0,3,0,1,0,2,0,36,0.5,3498,45.2,1401,18.1,432,5.6,555,7.2,746,9.6,364,4.7
Birmingham 030,E02001856,7345,100,4161,56.7,3715,50.6,3119,42.5,892,12.1,2227,30.3,112,1.5,37,0.5,75,1,484,6.6,235,3.2,249,3.4,446,6.1,223,3,157,2.1,142,1.9,90,1.2,52,0.7,0,0,0,0,0,0,15,0.2,9,0.1,6,0.1,66,0.9,2961,40.3,834,11.4,567,7.7,616,8.4,405,5.5,539,7.3
Birmingham 031,E02001857,11133,100,5937,53.3,5249,47.1,4473,40.2,1150,10.3,3323,29.8,103,0.9,37,0.3,66,0.6,673,6,305,2.7,368,3.3,688,6.2,363,3.3,279,2.5,262,2.4,169,1.5,93,0.8,2,0,2,0,0,0,15,0.1,10,0.1,5,0,84,0.8,4833,43.4,1294,11.6,784,7,819,7.4,1058,9.5,878,7.9
Birmingham 032,E02001858,7380,100,3612,48.9,3200,43.4,2638,35.7,739,10,1899,25.7,116,1.6,35,0.5,81,1.1,446,6,220,3,226,3.1,412,5.6,616,8.3,475,6.4,459,6.2,155,2.1,304,4.1,0,0,0,0,0,0,16,0.2,16,0.2,0,0,141,1.9,3152,42.7,860,11.7,775,10.5,579,7.8,449,6.1,489,6.6
Birmingham 033,E02001859,7668,100,3607,47,3164,41.3,2646,34.5,1047,13.7,1599,20.9,86,1.1,29,0.4,57,0.7,432,5.6,245,3.2,187,2.4,443,5.8,297,3.9,188,2.5,173,2.3,141,1.8,32,0.4,1,0,1,0,0,0,14,0.2,8,0.1,6,0.1,109,1.4,3764,49.1,773,10.1,800,10.4,1104,14.4,419,5.5,668,8.7
Birmingham 034,E02001860,6339,100,3092,48.8,2711,42.8,2255,35.6,794,12.5,1461,23,91,1.4,40,0.6,51,0.8,365,5.8,184,2.9,181,2.9,381,6,227,3.6,147,2.3,134,2.1,98,1.5,36,0.6,6,0.1,6,0.1,0,0,7,0.1,7,0.1,0,0,80,1.3,3020,47.6,712,11.2,627,9.9,799,12.6,340,5.4,542,8.6
Birmingham 035,E02001861,8296,100,3922,47.3,3377,40.7,2755,33.2,1010,12.2,1745,21,122,1.5,63,0.8,59,0.7,500,6,282,3.4,218,2.6,545,6.6,280,3.4,174,2.1,162,2,114,1.4,48,0.6,1,0,1,0,0,0,11,0.1,7,0.1,4,0,106,1.3,4094,49.3,760,9.2,978,11.8,1057,12.7,562,6.8,737,8.9
Birmingham 036,E02001862,7511,100,3879,51.6,3377,45,2835,37.7,931,12.4,1904,25.3,124,1.7,45,0.6,79,1.1,418,5.6,220,2.9,198,2.6,502,6.7,263,3.5,135,1.8,130,1.7,88,1.2,42,0.6,1,0,1,0,0,0,4,0.1,4,0.1,0,0,128,1.7,3369,44.9,877,11.7,724,9.6,818,10.9,407,5.4,543,7.2
Birmingham 037,E02001863,6173,100,2742,44.4,2277,36.9,1887,30.6,793,12.8,1094,17.7,83,1.3,35,0.6,48,0.8,307,5,165,2.7,142,2.3,465,7.5,249,4,148,2.4,139,2.3,104,1.7,35,0.6,2,0,1,0,1,0,7,0.1,7,0.1,0,0,101,1.6,3182,51.5,601,9.7,737,11.9,888,14.4,445,7.2,511,8.3
Birmingham 039,E02001865,8596,100,4068,47.3,3397,39.5,2847,33.1,1072,12.5,1775,20.6,124,1.4,56,0.7,68,0.8,426,5,203,2.4,223,2.6,671,7.8,301,3.5,199,2.3,180,2.1,140,1.6,40,0.5,6,0.1,6,0.1,0,0,13,0.2,10,0.1,3,0,102,1.2,4227,49.2,842,9.8,1006,11.7,1111,12.9,459,5.3,809,9.4
Birmingham 040,E02001866,7159,100,3271,45.7,2626,36.7,2084,29.1,859,12,1225,17.1,104,1.5,47,0.7,57,0.8,438,6.1,274,3.8,164,2.3,645,9,259,3.6,178,2.5,165,2.3,139,1.9,26,0.4,2,0,1,0,1,0,11,0.2,6,0.1,5,0.1,81,1.1,3629,50.7,597,8.3,781,10.9,948,13.2,581,8.1,722,10.1
Birmingham 041,E02001867,6221,100,2758,44.3,2329,37.4,1977,31.8,825,13.3,1152,18.5,75,1.2,45,0.7,30,0.5,277,4.5,173,2.8,104,1.7,429,6.9,259,4.2,165,2.7,159,2.6,134,2.2,25,0.4,1,0,1,0,0,0,5,0.1,0,0,5,0.1,94,1.5,3204,51.5,579,9.3,794,12.8,891,14.3,397,6.4,543,8.7
Birmingham 042,E02001868,7197,100,3697,51.4,3362,46.7,2644,36.7,894,12.4,1750,24.3,145,2,49,0.7,96,1.3,573,8,321,4.5,252,3.5,335,4.7,252,3.5,178,2.5,169,2.3,142,2,27,0.4,1,0,1,0,0,0,8,0.1,4,0.1,4,0.1,74,1,3248,45.1,988,13.7,778,10.8,868,12.1,278,3.9,336,4.7
Birmingham 043,E02001869,4650,100,2156,46.4,1778,38.2,1481,31.8,667,14.3,814,17.5,49,1.1,28,0.6,21,0.5,248,5.3,156,3.4,92,2,378,8.1,203,4.4,117,2.5,111,2.4,81,1.7,30,0.6,0,0,0,0,0,0,6,0.1,5,0.1,1,0,86,1.8,2291,49.3,454,9.8,562,12.1,583,12.5,325,7,367,7.9
Birmingham 044,E02001870,9175,100,4360,47.5,3878,42.3,3082,33.6,1201,13.1,1881,20.5,133,1.4,53,0.6,80,0.9,663,7.2,379,4.1,284,3.1,482,5.3,368,4,237,2.6,212,2.3,160,1.7,52,0.6,8,0.1,5,0.1,3,0,17,0.2,17,0.2,0,0,131,1.4,4447,48.5,991,10.8,1023,11.1,1324,14.4,473,5.2,636,6.9
Birmingham 045,E02001871,6388,100,3361,52.6,3029,47.4,2632,41.2,715,11.2,1917,30,42,0.7,12,0.2,30,0.5,355,5.6,156,2.4,199,3.1,332,5.2,125,2,77,1.2,71,1.1,46,0.7,25,0.4,1,0,0,0,1,0,5,0.1,5,0.1,0,0,48,0.8,2902,45.4,1250,19.6,335,5.2,521,8.2,528,8.3,268,4.2
Birmingham 046,E02001872,5637,100,3148,55.8,2874,51,2532,44.9,672,11.9,1860,33,56,1,20,0.4,36,0.6,286,5.1,111,2,175,3.1,274,4.9,84,1.5,48,0.9,46,0.8,37,0.7,9,0.2,0,0,0,0,0,0,2,0,2,0,0,0,36,0.6,2405,42.7,1038,18.4,300,5.3,437,7.8,400,7.1,230,4.1
Birmingham 047,E02001873,8420,100,4058,48.2,3462,41.1,2887,34.3,1000,11.9,1887,22.4,139,1.7,48,0.6,91,1.1,436,5.2,244,2.9,192,2.3,596,7.1,371,4.4,233,2.8,214,2.5,151,1.8,63,0.7,3,0,3,0,0,0,16,0.2,13,0.2,3,0,138,1.6,3991,47.4,758,9,970,11.5,931,11.1,563,6.7,769,9.1
Birmingham 048,E02001874,7028,100,3024,43,2579,36.7,2035,29,837,11.9,1198,17,86,1.2,36,0.5,50,0.7,458,6.5,264,3.8,194,2.8,445,6.3,262,3.7,171,2.4,157,2.2,134,1.9,23,0.3,1,0,1,0,0,0,13,0.2,8,0.1,5,0.1,91,1.3,3742,53.2,560,8,859,12.2,1214,17.3,459,6.5,650,9.2
Birmingham 049,E02001875,6477,100,3406,52.6,2908,44.9,2501,38.6,809,12.5,1692,26.1,82,1.3,39,0.6,43,0.7,325,5,172,2.7,153,2.4,498,7.7,301,4.6,189,2.9,175,2.7,134,2.1,41,0.6,1,0,1,0,0,0,13,0.2,7,0.1,6,0.1,112,1.7,2770,42.8,440,6.8,747,11.5,754,11.6,326,5,503,7.8
Birmingham 050,E02001876,13702,100,3414,24.9,2865,20.9,2462,18,752,5.5,1710,12.5,75,0.5,32,0.2,43,0.3,328,2.4,219,1.6,109,0.8,549,4,2502,18.3,1291,9.4,1197,8.7,1022,7.5,175,1.3,14,0.1,14,0.1,0,0,80,0.6,76,0.6,4,0,1211,8.8,7786,56.8,422,3.1,5866,42.8,735,5.4,329,2.4,434,3.2
Birmingham 051,E02001877,8743,100,3498,40,2955,33.8,2368,27.1,1019,11.7,1349,15.4,118,1.3,56,0.6,62,0.7,469,5.4,287,3.3,182,2.1,543,6.2,330,3.8,221,2.5,199,2.3,159,1.8,40,0.5,6,0.1,3,0,3,0,16,0.2,14,0.2,2,0,109,1.2,4915,56.2,739,8.5,1194,13.7,1601,18.3,554,6.3,827,9.5
Birmingham 052,E02001878,6811,100,3037,44.6,2570,37.7,2096,30.8,772,11.3,1324,19.4,75,1.1,28,0.4,47,0.7,399,5.9,219,3.2,180,2.6,467,6.9,318,4.7,226,3.3,208,3.1,154,2.3,54,0.8,3,0,3,0,0,0,15,0.2,11,0.2,4,0.1,92,1.4,3456,50.7,482,7.1,887,13,1136,16.7,413,6.1,538,7.9
Birmingham 053,E02001879,7677,100,3497,45.6,3022,39.4,2476,32.3,785,10.2,1691,22,94,1.2,47,0.6,47,0.6,452,5.9,237,3.1,215,2.8,475,6.2,344,4.5,215,2.8,208,2.7,141,1.8,67,0.9,0,0,0,0,0,0,7,0.1,6,0.1,1,0,129,1.7,3836,50,767,10,824,10.7,886,11.5,493,6.4,866,11.3
Birmingham 054,E02001880,7086,100,3795,53.6,3356,47.4,2861,40.4,905,12.8,1956,27.6,78,1.1,24,0.3,54,0.8,417,5.9,205,2.9,212,3,439,6.2,170,2.4,112,1.6,102,1.4,76,1.1,26,0.4,2,0,1,0,1,0,8,0.1,2,0,6,0.1,58,0.8,3121,44,794,11.2,586,8.3,787,11.1,542,7.6,412,5.8
Birmingham 055,E02001881,7332,100,3258,44.4,2859,39,2219,30.3,862,11.8,1357,18.5,111,1.5,49,0.7,62,0.8,529,7.2,319,4.4,210,2.9,399,5.4,272,3.7,158,2.2,138,1.9,120,1.6,18,0.2,0,0,0,0,0,0,20,0.3,14,0.2,6,0.1,114,1.6,3802,51.9,629,8.6,884,12.1,1179,16.1,531,7.2,579,7.9
Birmingham 056,E02001882,6675,100,3316,49.7,3001,45,2482,37.2,777,11.6,1705,25.5,94,1.4,29,0.4,65,1,425,6.4,210,3.1,215,3.2,315,4.7,199,3,152,2.3,131,2,107,1.6,24,0.4,1,0,0,0,1,0,20,0.3,15,0.2,5,0.1,47,0.7,3160,47.3,1053,15.8,528,7.9,746,11.2,425,6.4,408,6.1
Birmingham 057,E02001883,6391,100,3485,54.5,3084,48.3,2723,42.6,766,12,1957,30.6,44,0.7,13,0.2,31,0.5,317,5,119,1.9,198,3.1,401,6.3,109,1.7,69,1.1,65,1,49,0.8,16,0.3,0,0,0,0,0,0,4,0.1,3,0,1,0,40,0.6,2797,43.8,1048,16.4,350,5.5,565,8.8,534,8.4,300,4.7
Birmingham 058,E02001884,6911,100,3002,43.4,2588,37.4,2065,29.9,917,13.3,1148,16.6,81,1.2,49,0.7,32,0.5,442,6.4,275,4,167,2.4,414,6,273,4,176,2.5,157,2.3,129,1.9,28,0.4,5,0.1,4,0.1,1,0,14,0.2,14,0.2,0,0,97,1.4,3636,52.6,460,6.7,928,13.4,1238,17.9,375,5.4,635,9.2
Birmingham 060,E02001886,8067,100,4522,56.1,4124,51.1,3470,43,857,10.6,2613,32.4,139,1.7,43,0.5,96,1.2,515,6.4,246,3,269,3.3,398,4.9,323,4,221,2.7,186,2.3,117,1.5,69,0.9,2,0,1,0,1,0,33,0.4,24,0.3,9,0.1,102,1.3,3222,39.9,990,12.3,718,8.9,553,6.9,447,5.5,514,6.4
Birmingham 062,E02001888,5315,100,2744,51.6,2466,46.4,2170,40.8,590,11.1,1580,29.7,46,0.9,16,0.3,30,0.6,250,4.7,107,2,143,2.7,278,5.2,136,2.6,85,1.6,78,1.5,59,1.1,19,0.4,0,0,0,0,0,0,7,0.1,7,0.1,0,0,51,1,2435,45.8,904,17,429,8.1,485,9.1,369,6.9,248,4.7
Birmingham 063,E02001889,6471,100,2811,43.4,2426,37.5,1931,29.8,831,12.8,1100,17,89,1.4,42,0.6,47,0.7,406,6.3,251,3.9,155,2.4,385,5.9,250,3.9,186,2.9,172,2.7,139,2.1,33,0.5,8,0.1,8,0.1,0,0,6,0.1,6,0.1,0,0,64,1,3410,52.7,597,9.2,806,12.5,1056,16.3,498,7.7,453,7
Birmingham 064,E02001890,8503,100,4703,55.3,4277,50.3,3444,40.5,705,8.3,2739,32.2,203,2.4,45,0.5,158,1.9,630,7.4,316,3.7,314,3.7,426,5,488,5.7,349,4.1,303,3.6,199,2.3,104,1.2,8,0.1,5,0.1,3,0,38,0.4,27,0.3,11,0.1,139,1.6,3312,39,1192,14,957,11.3,428,5,310,3.6,425,5
Birmingham 066,E02001892,7981,100,3845,48.2,3405,42.7,2792,35,1054,13.2,1738,21.8,112,1.4,55,0.7,57,0.7,501,6.3,294,3.7,207,2.6,440,5.5,254,3.2,174,2.2,159,2,125,1.6,34,0.4,3,0,1,0,2,0,12,0.2,10,0.1,2,0,80,1,3882,48.6,769,9.6,921,11.5,1135,14.2,475,6,582,7.3
Birmingham 067,E02001893,6878,100,3621,52.6,3329,48.4,2794,40.6,811,11.8,1983,28.8,96,1.4,28,0.4,68,1,439,6.4,203,3,236,3.4,292,4.2,180,2.6,128,1.9,113,1.6,93,1.4,20,0.3,3,0,3,0,0,0,12,0.2,11,0.2,1,0,52,0.8,3077,44.7,1350,19.6,489,7.1,578,8.4,372,5.4,288,4.2
Birmingham 069,E02001895,6912,100,3659,52.9,3314,47.9,2926,42.3,829,12,2097,30.3,51,0.7,11,0.2,40,0.6,337,4.9,130,1.9,207,3,345,5,166,2.4,115,1.7,105,1.5,73,1.1,32,0.5,1,0,0,0,1,0,9,0.1,6,0.1,3,0,51,0.7,3087,44.7,1287,18.6,446,6.5,499,7.2,556,8,299,4.3
Birmingham 070,E02001896,7208,100,2982,41.4,2582,35.8,2053,28.5,942,13.1,1111,15.4,120,1.7,54,0.7,66,0.9,409,5.7,262,3.6,147,2,400,5.5,258,3.6,181,2.5,164,2.3,133,1.8,31,0.4,3,0,3,0,0,0,14,0.2,10,0.1,4,0.1,77,1.1,3968,55,659,9.1,899,12.5,1296,18,422,5.9,692,9.6
Birmingham 071,E02001897,6264,100,2561,40.9,2132,34,1785,28.5,767,12.2,1018,16.3,65,1,34,0.5,31,0.5,282,4.5,155,2.5,127,2,429,6.8,193,3.1,113,1.8,97,1.5,80,1.3,17,0.3,4,0.1,4,0.1,0,0,12,0.2,9,0.1,3,0,80,1.3,3510,56,594,9.5,911,14.5,923,14.7,508,8.1,574,9.2
Birmingham 072,E02001898,5328,100,3113,58.4,2950,55.4,2580,48.4,694,13,1886,35.4,56,1.1,18,0.3,38,0.7,314,5.9,130,2.4,184,3.5,163,3.1,117,2.2,81,1.5,76,1.4,67,1.3,9,0.2,0,0,0,0,0,0,5,0.1,4,0.1,1,0,36,0.7,2098,39.4,1268,23.8,237,4.4,278,5.2,148,2.8,167,3.1
Birmingham 073,E02001899,6947,100,3986,57.4,3815,54.9,3039,43.7,676,9.7,2363,34,245,3.5,58,0.8,187,2.7,531,7.6,247,3.6,284,4.1,171,2.5,116,1.7,93,1.3,83,1.2,55,0.8,28,0.4,2,0,1,0,1,0,8,0.1,5,0.1,3,0,23,0.3,2845,41,1869,26.9,349,5,244,3.5,177,2.5,206,3
Birmingham 074,E02001900,5391,100,2603,48.3,2275,42.2,1819,33.7,508,9.4,1311,24.3,136,2.5,46,0.9,90,1.7,320,5.9,170,3.2,150,2.8,328,6.1,301,5.6,187,3.5,163,3,122,2.3,41,0.8,1,0,0,0,1,0,23,0.4,23,0.4,0,0,114,2.1,2487,46.1,843,15.6,602,11.2,414,7.7,343,6.4,285,5.3
Birmingham 075,E02001901,6804,100,4423,65,4253,62.5,3631,53.4,634,9.3,2997,44,125,1.8,27,0.4,98,1.4,497,7.3,229,3.4,268,3.9,170,2.5,207,3,170,2.5,151,2.2,102,1.5,49,0.7,3,0,2,0,1,0,16,0.2,14,0.2,2,0,37,0.5,2174,32,1111,16.3,492,7.2,222,3.3,170,2.5,179,2.6
Birmingham 076,E02001902,4890,100,2974,60.8,2775,56.7,2383,48.7,647,13.2,1736,35.5,53,1.1,9,0.2,44,0.9,339,6.9,155,3.2,184,3.8,199,4.1,118,2.4,84,1.7,77,1.6,59,1.2,18,0.4,1,0,0,0,1,0,6,0.1,3,0.1,3,0.1,34,0.7,1798,36.8,897,18.3,245,5,277,5.7,209,4.3,170,3.5
Birmingham 077,E02001903,5843,100,2427,41.5,2025,34.7,1638,28,717,12.3,921,15.8,73,1.2,32,0.5,41,0.7,314,5.4,183,3.1,131,2.2,402,6.9,208,3.6,132,2.3,118,2,91,1.6,27,0.5,4,0.1,3,0.1,1,0,10,0.2,8,0.1,2,0,76,1.3,3208,54.9,527,9,725,12.4,1009,17.3,434,7.4,513,8.8
Birmingham 078,E02001904,5618,100,2920,52,2569,45.7,2096,37.3,721,12.8,1375,24.5,87,1.5,40,0.7,47,0.8,386,6.9,205,3.6,181,3.2,351,6.2,159,2.8,108,1.9,92,1.6,77,1.4,15,0.3,0,0,0,0,0,0,16,0.3,16,0.3,0,0,51,0.9,2539,45.2,718,12.8,444,7.9,638,11.4,350,6.2,389,6.9
Birmingham 079,E02001905,9187,100,2945,32.1,2794,30.4,2265,24.7,441,4.8,1824,19.9,160,1.7,39,0.4,121,1.3,369,4,183,2,186,2,151,1.6,856,9.3,494,5.4,442,4.8,373,4.1,69,0.8,1,0,0,0,1,0,51,0.6,47,0.5,4,0,362,3.9,5386,58.6,963,10.5,3850,41.9,258,2.8,131,1.4,184,2
Birmingham 080,E02001906,7667,100,4555,59.4,4244,55.4,3639,47.5,937,12.2,2702,35.2,84,1.1,24,0.3,60,0.8,521,6.8,227,3,294,3.8,311,4.1,164,2.1,108,1.4,93,1.2,71,0.9,22,0.3,1,0,1,0,0,0,14,0.2,6,0.1,8,0.1,56,0.7,2948,38.5,1527,19.9,463,6,423,5.5,262,3.4,273,3.6
Birmingham 081,E02001907,8452,100,5113,60.5,4777,56.5,4186,49.5,1092,12.9,3094,36.6,68,0.8,17,0.2,51,0.6,523,6.2,199,2.4,324,3.8,336,4,172,2,110,1.3,100,1.2,71,0.8,29,0.3,1,0,1,0,0,0,9,0.1,5,0.1,4,0,62,0.7,3167,37.5,1760,20.8,381,4.5,403,4.8,323,3.8,300,3.5
Birmingham 082,E02001908,6526,100,2754,42.2,2410,36.9,1959,30,823,12.6,1136,17.4,86,1.3,42,0.6,44,0.7,365,5.6,202,3.1,163,2.5,344,5.3,235,3.6,153,2.3,145,2.2,104,1.6,41,0.6,0,0,0,0,0,0,8,0.1,8,0.1,0,0,82,1.3,3537,54.2,536,8.2,819,12.5,1183,18.1,427,6.5,572,8.8
Birmingham 083,E02001909,6015,100,2573,42.8,2206,36.7,1821,30.3,708,11.8,1113,18.5,65,1.1,30,0.5,35,0.6,320,5.3,205,3.4,115,1.9,367,6.1,151,2.5,115,1.9,109,1.8,80,1.3,29,0.5,1,0,1,0,0,0,5,0.1,4,0.1,1,0,36,0.6,3291,54.7,545,9.1,788,13.1,951,15.8,472,7.8,535,8.9
Birmingham 084,E02001910,5429,100,2324,42.8,1979,36.5,1635,30.1,628,11.6,1007,18.5,57,1,25,0.5,32,0.6,287,5.3,151,2.8,136,2.5,345,6.4,161,3,110,2,102,1.9,90,1.7,12,0.2,1,0,1,0,0,0,7,0.1,7,0.1,0,0,51,0.9,2944,54.2,598,11,635,11.7,809,14.9,409,7.5,493,9.1
Birmingham 085,E02001911,6384,100,3201,50.1,2825,44.3,2436,38.2,706,11.1,1730,27.1,70,1.1,26,0.4,44,0.7,319,5,141,2.2,178,2.8,376,5.9,192,3,119,1.9,104,1.6,74,1.2,30,0.5,1,0,1,0,0,0,14,0.2,8,0.1,6,0.1,73,1.1,2991,46.9,1030,16.1,546,8.6,596,9.3,465,7.3,354,5.5
Birmingham 087,E02001913,6278,100,2790,44.4,2519,40.1,2155,34.3,488,7.8,1667,26.6,77,1.2,26,0.4,51,0.8,287,4.6,122,1.9,165,2.6,271,4.3,445,7.1,320,5.1,291,4.6,219,3.5,72,1.1,4,0.1,3,0,1,0,25,0.4,23,0.4,2,0,125,2,3043,48.5,1002,16,1115,17.8,299,4.8,332,5.3,295,4.7
Birmingham 088,E02001914,5579,100,2943,52.8,2703,48.4,2155,38.6,536,9.6,1619,29,146,2.6,53,0.9,93,1.7,402,7.2,219,3.9,183,3.3,240,4.3,158,2.8,108,1.9,95,1.7,71,1.3,24,0.4,2,0,0,0,2,0,11,0.2,9,0.2,2,0,50,0.9,2478,44.4,725,13,522,9.4,511,9.2,348,6.2,372,6.7
Birmingham 089,E02001915,9530,100,5492,57.6,5037,52.9,4274,44.8,1130,11.9,3144,33,91,1,25,0.3,66,0.7,672,7.1,302,3.2,370,3.9,455,4.8,194,2,148,1.6,141,1.5,107,1.1,34,0.4,1,0,0,0,1,0,6,0.1,5,0.1,1,0,46,0.5,3844,40.3,1578,16.6,532,5.6,643,6.7,600,6.3,491,5.2
Birmingham 090,E02001916,7269,100,3740,51.5,3334,45.9,2707,37.2,881,12.1,1826,25.1,103,1.4,41,0.6,62,0.9,524,7.2,251,3.5,273,3.8,406,5.6,227,3.1,149,2,138,1.9,108,1.5,30,0.4,0,0,0,0,0,0,11,0.2,7,0.1,4,0.1,78,1.1,3302,45.4,884,12.2,692,9.5,839,11.5,395,5.4,492,6.8
Birmingham 092,E02001918,7252,100,4188,57.7,3845,53,3160,43.6,716,9.9,2444,33.7,124,1.7,39,0.5,85,1.2,561,7.7,284,3.9,277,3.8,343,4.7,157,2.2,117,1.6,106,1.5,74,1,32,0.4,1,0,1,0,0,0,10,0.1,6,0.1,4,0.1,40,0.6,2907,40.1,1140,15.7,447,6.2,384,5.3,585,8.1,351,4.8
Birmingham 093,E02001919,5720,100,3086,54,2831,49.5,2254,39.4,614,10.7,1640,28.7,134,2.3,43,0.8,91,1.6,443,7.7,238,4.2,205,3.6,255,4.5,133,2.3,107,1.9,99,1.7,82,1.4,17,0.3,0,0,0,0,0,0,8,0.1,8,0.1,0,0,26,0.5,2501,43.7,904,15.8,438,7.7,524,9.2,297,5.2,338,5.9
Birmingham 094,E02001920,5933,100,3094,52.1,2794,47.1,2439,41.1,682,11.5,1757,29.6,50,0.8,12,0.2,38,0.6,305,5.1,124,2.1,181,3.1,300,5.1,118,2,69,1.2,68,1.1,52,0.9,16,0.3,1,0,1,0,0,0,0,0,0,0,0,0,49,0.8,2721,45.9,1137,19.2,427,7.2,406,6.8,459,7.7,292,4.9
Birmingham 095,E02001921,6024,100,3337,55.4,3075,51,2650,44,685,11.4,1965,32.6,59,1,12,0.2,47,0.8,366,6.1,158,2.6,208,3.5,262,4.3,181,3,139,2.3,119,2,78,1.3,41,0.7,4,0.1,4,0.1,0,0,16,0.3,6,0.1,10,0.2,42,0.7,2506,41.6,1065,17.7,441,7.3,413,6.9,343,5.7,244,4.1
Birmingham 096,E02001922,15230,100,1685,11.1,1474,9.7,1289,8.5,319,2.1,970,6.4,27,0.2,3,0,24,0.2,158,1,77,0.5,81,0.5,211,1.4,2691,17.7,1797,11.8,1557,10.2,1368,9,189,1.2,11,0.1,10,0.1,1,0,229,1.5,219,1.4,10,0.1,894,5.9,10854,71.3,324,2.1,9756,64.1,251,1.6,261,1.7,262,1.7
Birmingham 097,E02001923,8518,100,4138,48.6,3771,44.3,2967,34.8,959,11.3,2008,23.6,145,1.7,57,0.7,88,1,659,7.7,331,3.9,328,3.9,367,4.3,242,2.8,179,2.1,162,1.9,124,1.5,38,0.4,2,0,0,0,2,0,15,0.2,10,0.1,5,0.1,63,0.7,4138,48.6,1326,15.6,836,9.8,999,11.7,497,5.8,480,5.6
Birmingham 098,E02001924,5442,100,3017,55.4,2795,51.4,2329,42.8,714,13.1,1615,29.7,88,1.6,38,0.7,50,0.9,378,6.9,163,3,215,4,222,4.1,148,2.7,114,2.1,110,2,90,1.7,20,0.4,3,0.1,3,0.1,0,0,1,0,1,0,0,0,34,0.6,2277,41.8,875,16.1,439,8.1,450,8.3,284,5.2,229,4.2
Birmingham 099,E02001925,5493,100,2796,50.9,2617,47.6,2243,40.8,549,10,1694,30.8,46,0.8,17,0.3,29,0.5,328,6,168,3.1,160,2.9,179,3.3,205,3.7,155,2.8,138,2.5,113,2.1,25,0.5,2,0,1,0,1,0,15,0.3,15,0.3,0,0,50,0.9,2492,45.4,1239,22.6,623,11.3,236,4.3,211,3.8,183,3.3
Birmingham 100,E02001926,6547,100,3395,51.9,3166,48.4,2640,40.3,648,9.9,1992,30.4,83,1.3,24,0.4,59,0.9,443,6.8,209,3.2,234,3.6,229,3.5,348,5.3,242,3.7,215,3.3,169,2.6,46,0.7,0,0,0,0,0,0,27,0.4,24,0.4,3,0,106,1.6,2804,42.8,1053,16.1,834,12.7,282,4.3,374,5.7,261,4
Birmingham 101,E02001927,5819,100,3237,55.6,2889,49.6,2526,43.4,738,12.7,1788,30.7,53,0.9,16,0.3,37,0.6,310,5.3,120,2.1,190,3.3,348,6,161,2.8,107,1.8,94,1.6,72,1.2,22,0.4,6,0.1,0,0,6,0.1,7,0.1,4,0.1,3,0.1,54,0.9,2421,41.6,1027,17.6,365,6.3,415,7.1,391,6.7,223,3.8
Birmingham 102,E02001928,5380,100,2846,52.9,2558,47.5,2225,41.4,645,12,1580,29.4,45,0.8,24,0.4,21,0.4,288,5.4,101,1.9,187,3.5,288,5.4,120,2.2,92,1.7,88,1.6,72,1.3,16,0.3,1,0,1,0,0,0,3,0.1,1,0,2,0,28,0.5,2414,44.9,1227,22.8,262,4.9,295,5.5,413,7.7,217,4
Birmingham 103,E02001929,7518,100,4213,56,3794,50.5,3261,43.4,1050,14,2211,29.4,77,1,33,0.4,44,0.6,456,6.1,226,3,230,3.1,419,5.6,188,2.5,132,1.8,120,1.6,93,1.2,27,0.4,6,0.1,5,0.1,1,0,6,0.1,6,0.1,0,0,56,0.7,3117,41.5,876,11.7,549,7.3,787,10.5,540,7.2,365,4.9
Birmingham 104,E02001930,6232,100,3901,62.6,3684,59.1,3049,48.9,707,11.3,2342,37.6,83,1.3,23,0.4,60,1,552,8.9,305,4.9,247,4,217,3.5,131,2.1,89,1.4,86,1.4,64,1,22,0.4,0,0,0,0,0,0,3,0,3,0,0,0,42,0.7,2200,35.3,1100,17.7,332,5.3,317,5.1,212,3.4,239,3.8
Birmingham 105,E02001931,6832,100,3753,54.9,3501,51.2,2879,42.1,802,11.7,2077,30.4,133,1.9,45,0.7,88,1.3,489,7.2,215,3.1,274,4,252,3.7,127,1.9,103,1.5,94,1.4,76,1.1,18,0.3,1,0,0,0,1,0,8,0.1,7,0.1,1,0,24,0.4,2952,43.2,1472,21.5,476,7,508,7.4,238,3.5,258,3.8
Birmingham 106,E02001932,5567,100,3002,53.9,2703,48.6,2407,43.2,651,11.7,1756,31.5,45,0.8,13,0.2,32,0.6,251,4.5,98,1.8,153,2.7,299,5.4,160,2.9,106,1.9,98,1.8,78,1.4,20,0.4,2,0,2,0,0,0,6,0.1,6,0.1,0,0,54,1,2405,43.2,907,16.3,443,8,389,7,477,8.6,189,3.4
Birmingham 107,E02001933,6067,100,3563,58.7,3306,54.5,2769,45.6,768,12.7,2001,33,56,0.9,16,0.3,40,0.7,481,7.9,232,3.8,249,4.1,257,4.2,126,2.1,90,1.5,83,1.4,65,1.1,18,0.3,0,0,0,0,0,0,7,0.1,6,0.1,1,0,36,0.6,2378,39.2,1049,17.3,407,6.7,355,5.9,347,5.7,220,3.6
Birmingham 108,E02001934,5554,100,3113,56,2949,53.1,2419,43.6,741,13.3,1678,30.2,94,1.7,33,0.6,61,1.1,436,7.9,191,3.4,245,4.4,164,3,156,2.8,99,1.8,91,1.6,78,1.4,13,0.2,2,0,1,0,1,0,6,0.1,6,0.1,0,0,57,1,2285,41.1,1034,18.6,443,8,424,7.6,151,2.7,233,4.2
Birmingham 109,E02001935,6346,100,3512,55.3,3269,51.5,2867,45.2,800,12.6,2067,32.6,68,1.1,16,0.3,52,0.8,334,5.3,136,2.1,198,3.1,243,3.8,93,1.5,61,1,58,0.9,45,0.7,13,0.2,0,0,0,0,0,0,3,0,3,0,0,0,32,0.5,2741,43.2,1571,24.8,397,6.3,320,5,256,4,197,3.1
Birmingham 110,E02001936,5119,100,2875,56.2,2716,53.1,2295,44.8,585,11.4,1710,33.4,80,1.6,19,0.4,61,1.2,341,6.7,160,3.1,181,3.5,159,3.1,81,1.6,64,1.3,57,1.1,46,0.9,11,0.2,1,0,1,0,0,0,6,0.1,6,0.1,0,0,17,0.3,2163,42.3,1353,26.4,301,5.9,212,4.1,154,3,143,2.8
Birmingham 111,E02001937,6352,100,3364,53,3054,48.1,2573,40.5,790,12.4,1783,28.1,73,1.1,18,0.3,55,0.9,408,6.4,179,2.8,229,3.6,310,4.9,122,1.9,98,1.5,92,1.4,75,1.2,17,0.3,2,0,0,0,2,0,4,0.1,3,0,1,0,24,0.4,2866,45.1,1036,16.3,471,7.4,587,9.2,440,6.9,332,5.2
Birmingham 112,E02001938,6451,100,4257,66,4030,62.5,3535,54.8,803,12.4,2732,42.4,55,0.9,10,0.2,45,0.7,440,6.8,199,3.1,241,3.7,227,3.5,130,2,95,1.5,87,1.3,44,0.7,43,0.7,0,0,0,0,0,0,8,0.1,8,0.1,0,0,35,0.5,2064,32,1064,16.5,341,5.3,238,3.7,238,3.7,183,2.8
Birmingham 113,E02001939,5199,100,2475,47.6,2278,43.8,2045,39.3,526,10.1,1519,29.2,40,0.8,10,0.2,30,0.6,193,3.7,85,1.6,108,2.1,197,3.8,92,1.8,65,1.3,63,1.2,43,0.8,20,0.4,1,0,1,0,0,0,1,0,1,0,0,0,27,0.5,2632,50.6,1583,30.4,247,4.8,265,5.1,351,6.8,186,3.6
Birmingham 115,E02001941,4886,100,2607,53.4,2344,48,1964,40.2,555,11.4,1409,28.8,61,1.2,18,0.4,43,0.9,319,6.5,132,2.7,187,3.8,263,5.4,88,1.8,59,1.2,53,1.1,41,0.8,12,0.2,0,0,0,0,0,0,6,0.1,2,0,4,0.1,29,0.6,2191,44.8,884,18.1,333,6.8,433,8.9,338,6.9,203,4.2
Birmingham 116,E02001942,5447,100,3162,58.1,2953,54.2,2604,47.8,639,11.7,1965,36.1,43,0.8,11,0.2,32,0.6,306,5.6,147,2.7,159,2.9,209,3.8,130,2.4,97,1.8,90,1.7,67,1.2,23,0.4,0,0,0,0,0,0,7,0.1,4,0.1,3,0.1,33,0.6,2155,39.6,1186,21.8,290,5.3,259,4.8,248,4.6,172,3.2
Birmingham 117,E02001943,5128,100,2998,58.5,2805,54.7,2371,46.2,668,13,1703,33.2,58,1.1,19,0.4,39,0.8,376,7.3,165,3.2,211,4.1,193,3.8,75,1.5,53,1,52,1,40,0.8,12,0.2,0,0,0,0,0,0,1,0,1,0,0,0,22,0.4,2055,40.1,952,18.6,285,5.6,310,6,311,6.1,197,3.8
Birmingham 118,E02001944,6479,100,3902,60.2,3692,57,3217,49.7,747,11.5,2470,38.1,80,1.2,21,0.3,59,0.9,395,6.1,174,2.7,221,3.4,210,3.2,91,1.4,61,0.9,59,0.9,45,0.7,14,0.2,0,0,0,0,0,0,2,0,2,0,0,0,30,0.5,2486,38.4,1172,18.1,374,5.8,343,5.3,373,5.8,224,3.5
Birmingham 119,E02001945,5907,100,3347,56.7,3029,51.3,2667,45.1,811,13.7,1856,31.4,59,1,9,0.2,50,0.8,303,5.1,111,1.9,192,3.3,318,5.4,140,2.4,90,1.5,85,1.4,64,1.1,21,0.4,0,0,0,0,0,0,5,0.1,5,0.1,0,0,50,0.8,2420,41,848,14.4,388,6.6,488,8.3,413,7,283,4.8
Birmingham 120,E02001946,6218,100,3603,57.9,3424,55.1,2961,47.6,734,11.8,2227,35.8,68,1.1,15,0.2,53,0.9,395,6.4,188,3,207,3.3,179,2.9,105,1.7,70,1.1,64,1,48,0.8,16,0.3,0,0,0,0,0,0,6,0.1,5,0.1,1,0,35,0.6,2510,40.4,1541,24.8,313,5,234,3.8,246,4,176,2.8
Birmingham 121,E02001947,4657,100,2238,48.1,1927,41.4,1679,36.1,543,11.7,1136,24.4,34,0.7,14,0.3,20,0.4,214,4.6,91,2,123,2.6,311,6.7,109,2.3,75,1.6,69,1.5,42,0.9,27,0.6,5,0.1,4,0.1,1,0,1,0,1,0,0,0,34,0.7,2310,49.6,846,18.2,274,5.9,509,10.9,430,9.2,251,5.4
Birmingham 122,E02001948,5908,100,3609,61.1,3408,57.7,2944,49.8,795,13.5,2149,36.4,57,1,14,0.2,43,0.7,407,6.9,146,2.5,261,4.4,201,3.4,91,1.5,71,1.2,71,1.2,57,1,14,0.2,0,0,0,0,0,0,0,0,0,0,0,0,20,0.3,2208,37.4,1212,20.5,235,4,278,4.7,267,4.5,216,3.7
Birmingham 123,E02001949,4736,100,2880,60.8,2664,56.2,2357,49.8,652,13.8,1705,36,30,0.6,7,0.1,23,0.5,277,5.8,117,2.5,160,3.4,216,4.6,67,1.4,50,1.1,46,1,32,0.7,14,0.3,1,0,1,0,0,0,3,0.1,3,0.1,0,0,17,0.4,1789,37.8,860,18.2,222,4.7,260,5.5,257,5.4,190,4
Birmingham 124,E02001950,6966,100,4144,59.5,3934,56.5,3467,49.8,837,12,2630,37.8,64,0.9,21,0.3,43,0.6,403,5.8,125,1.8,278,4,210,3,122,1.8,85,1.2,78,1.1,60,0.9,18,0.3,1,0,0,0,1,0,6,0.1,6,0.1,0,0,37,0.5,2700,38.8,1581,22.7,326,4.7,330,4.7,284,4.1,179,2.6
Birmingham 125,E02001951,7122,100,3686,51.8,3298,46.3,2971,41.7,845,11.9,2126,29.9,26,0.4,4,0.1,22,0.3,301,4.2,136,1.9,165,2.3,388,5.4,163,2.3,116,1.6,109,1.5,79,1.1,30,0.4,0,0,0,0,0,0,7,0.1,6,0.1,1,0,47,0.7,3273,46,1257,17.6,440,6.2,562,7.9,671,9.4,343,4.8
Birmingham 126,E02001952,6955,100,3642,52.4,3239,46.6,2846,40.9,871,12.5,1975,28.4,46,0.7,13,0.2,33,0.5,347,5,118,1.7,229,3.3,403,5.8,150,2.2,103,1.5,97,1.4,71,1,26,0.4,1,0,1,0,0,0,5,0.1,5,0.1,0,0,47,0.7,3163,45.5,1191,17.1,466,6.7,523,7.5,646,9.3,337,4.8
Birmingham 127,E02001953,5787,100,3212,55.5,3018,52.2,2598,44.9,661,11.4,1937,33.5,69,1.2,20,0.3,49,0.8,351,6.1,148,2.6,203,3.5,194,3.4,103,1.8,67,1.2,64,1.1,50,0.9,14,0.2,0,0,0,0,0,0,3,0.1,3,0.1,0,0,36,0.6,2472,42.7,1536,26.5,298,5.1,257,4.4,240,4.1,141,2.4
Birmingham 128,E02001954,5692,100,2881,50.6,2579,45.3,2241,39.4,676,11.9,1565,27.5,46,0.8,16,0.3,30,0.5,292,5.1,125,2.2,167,2.9,302,5.3,103,1.8,72,1.3,64,1.1,44,0.8,20,0.4,0,0,0,0,0,0,8,0.1,7,0.1,1,0,31,0.5,2708,47.6,1081,19,370,6.5,469,8.2,514,9,274,4.8
Birmingham 129,E02001955,6329,100,3816,60.3,3551,56.1,3115,49.2,730,11.5,2385,37.7,62,1,19,0.3,43,0.7,374,5.9,132,2.1,242,3.8,265,4.2,111,1.8,76,1.2,69,1.1,48,0.8,21,0.3,0,0,0,0,0,0,7,0.1,4,0.1,3,0,35,0.6,2402,38,1223,19.3,291,4.6,350,5.5,348,5.5,190,3
Birmingham 130,E02001956,5404,100,3341,61.8,3145,58.2,2762,51.1,685,12.7,2077,38.4,51,0.9,6,0.1,45,0.8,332,6.1,119,2.2,213,3.9,196,3.6,105,1.9,69,1.3,67,1.2,55,1,12,0.2,0,0,0,0,0,0,2,0,0,0,2,0,36,0.7,1958,36.2,1034,19.1,214,4,250,4.6,275,5.1,185,3.4
Birmingham 131,E02001957,6337,100,3810,60.1,3623,57.2,3191,50.4,783,12.4,2408,38,41,0.6,12,0.2,29,0.5,391,6.2,163,2.6,228,3.6,187,3,133,2.1,103,1.6,100,1.6,69,1.1,31,0.5,0,0,0,0,0,0,3,0,0,0,3,0,30,0.5,2394,37.8,1436,22.7,282,4.5,293,4.6,193,3,190,3
Birmingham 132,E02006807,6440,100,3751,58.2,3599,55.9,2980,46.3,749,11.6,2231,34.6,106,1.6,24,0.4,82,1.3,513,8,224,3.5,289,4.5,152,2.4,149,2.3,125,1.9,118,1.8,96,1.5,22,0.3,1,0,0,0,1,0,6,0.1,5,0.1,1,0,24,0.4,2540,39.4,1372,21.3,417,6.5,387,6,179,2.8,185,2.9
Birmingham 133,E02006809,8255,100,4775,57.8,4492,54.4,3700,44.8,931,11.3,2769,33.5,218,2.6,63,0.8,155,1.9,574,7,269,3.3,305,3.7,283,3.4,176,2.1,130,1.6,121,1.5,86,1,35,0.4,2,0,1,0,1,0,7,0.1,4,0,3,0,46,0.6,3304,40,1451,17.6,671,8.1,536,6.5,298,3.6,348,4.2
Birmingham 134,E02006895,7734,100,4203,54.3,3750,48.5,3340,43.2,615,8,2725,35.2,54,0.7,17,0.2,37,0.5,356,4.6,177,2.3,179,2.3,453,5.9,725,9.4,413,5.3,373,4.8,278,3.6,95,1.2,4,0.1,3,0,1,0,36,0.5,29,0.4,7,0.1,312,4,2806,36.3,443,5.7,1219,15.8,455,5.9,300,3.9,389,5
Birmingham 135,E02006896,5401,100,3149,58.3,2846,52.7,2497,46.2,448,8.3,2049,37.9,70,1.3,17,0.3,53,1,279,5.2,135,2.5,144,2.7,303,5.6,462,8.6,294,5.4,269,5,182,3.4,87,1.6,0,0,0,0,0,0,25,0.5,19,0.4,6,0.1,168,3.1,1790,33.1,263,4.9,736,13.6,272,5,207,3.8,312,5.8
Birmingham 136,E02006897,7108,100,3750,52.8,3279,46.1,2898,40.8,579,8.1,2319,32.6,75,1.1,24,0.3,51,0.7,306,4.3,140,2,166,2.3,471,6.6,607,8.5,399,5.6,364,5.1,251,3.5,113,1.6,8,0.1,5,0.1,3,0,27,0.4,16,0.2,11,0.2,208,2.9,2751,38.7,320,4.5,1238,17.4,457,6.4,357,5,379,5.3
Birmingham 137,E02006898,6926,100,4877,70.4,4541,65.6,4086,59,584,8.4,3502,50.6,63,0.9,16,0.2,47,0.7,392,5.7,179,2.6,213,3.1,336,4.9,419,6,286,4.1,254,3.7,155,2.2,99,1.4,1,0,0,0,1,0,31,0.4,25,0.4,6,0.1,133,1.9,1630,23.5,332,4.8,510,7.4,285,4.1,237,3.4,266,3.8
Birmingham 138,E02006899,5847,100,4010,68.6,3723,63.7,3349,57.3,337,5.8,3012,51.5,63,1.1,9,0.2,54,0.9,311,5.3,116,2,195,3.3,287,4.9,417,7.1,292,5,259,4.4,163,2.8,96,1.6,3,0.1,1,0,2,0,30,0.5,19,0.3,11,0.2,125,2.1,1420,24.3,156,2.7,732,12.5,143,2.4,129,2.2,260,4.4
Birmingham 139,E02006900,11096,100,4919,44.3,4233,38.1,3410,30.7,1522,13.7,1888,17,157,1.4,74,0.7,83,0.7,666,6,391,3.5,275,2.5,686,6.2,467,4.2,301,2.7,277,2.5,215,1.9,62,0.6,1,0,1,0,0,0,23,0.2,17,0.2,6,0.1,166,1.5,5710,51.5,902,8.1,1447,13,1831,16.5,637,5.7,893,8
Birmingham 141,E02007038,10291,100,5675,55.1,5160,50.1,4416,42.9,1304,12.7,3112,30.2,105,1,42,0.4,63,0.6,639,6.2,253,2.5,386,3.8,515,5,229,2.2,163,1.6,151,1.5,108,1,43,0.4,3,0,2,0,1,0,9,0.1,5,0,4,0,66,0.6,4387,42.6,1725,16.8,706,6.9,833,8.1,639,6.2,484,4.7
Birmingham 142,E02007039,5995,100,2696,45,2361,39.4,1845,30.8,731,12.2,1114,18.6,110,1.8,39,0.7,71,1.2,406,6.8,234,3.9,172,2.9,335,5.6,156,2.6,102,1.7,94,1.6,75,1.3,19,0.3,1,0,0,0,1,0,7,0.1,6,0.1,1,0,54,0.9,3143,52.4,641,10.7,711,11.9,971,16.2,324,5.4,496,8.3
Birmingham 143,E02007040,5190,100,2348,45.2,2098,40.4,1650,31.8,681,13.1,969,18.7,81,1.6,32,0.6,49,0.9,367,7.1,223,4.3,144,2.8,250,4.8,182,3.5,117,2.3,102,2,88,1.7,14,0.3,3,0.1,3,0.1,0,0,12,0.2,8,0.2,4,0.1,65,1.3,2660,51.3,352,6.8,710,13.7,910,17.5,280,5.4,408,7.9